event_name,commence,status,bookmaker,last_update,odd_1,odd_2,odd_draw
Baltimore Ravens_Kansas City Chiefs,2024-09-06T00:20:00.000Z,Pending,DraftKings,2024-09-05T15:36:32.000Z,2.24,1.68,
Baltimore Ravens_Kansas City Chiefs,2024-09-06T00:20:00.000Z,Pending,FanDuel,2024-09-05T15:37:12.000Z,2.3,1.65,
Baltimore Ravens_Kansas City Chiefs,2024-09-06T00:20:00.000Z,Pending,Caesars,2024-09-05T15:37:05.000Z,2.3,1.65,
Baltimore Ravens_Kansas City Chiefs,2024-09-06T00:20:00.000Z,Pending,BetOnline.ag,2024-09-05T15:36:32.000Z,2.3,1.67,
Baltimore Ravens_Kansas City Chiefs,2024-09-06T00:20:00.000Z,Pending,LowVig.ag,2024-09-05T15:36:32.000Z,2.3,1.67,
Baltimore Ravens_Kansas City Chiefs,2024-09-06T00:20:00.000Z,Pending,BetRivers,2024-09-05T15:36:57.000Z,2.25,1.66,
Baltimore Ravens_Kansas City Chiefs,2024-09-06T00:20:00.000Z,Pending,BetMGM,2024-09-05T15:36:46.000Z,2.25,1.67,
Baltimore Ravens_Kansas City Chiefs,2024-09-06T00:20:00.000Z,Pending,MyBookie.ag,2024-09-05T15:25:38.000Z,2.23,1.66,
Baltimore Ravens_Kansas City Chiefs,2024-09-06T00:20:00.000Z,Pending,BetUS,2024-09-05T15:37:28.000Z,2.29,1.67,
Baltimore Ravens_Kansas City Chiefs,2024-09-06T00:20:00.000Z,Pending,Bovada,2024-09-05T15:36:32.000Z,2.3,1.67,
Green Bay Packers_Philadelphia Eagles,2024-09-07T00:20:00.000Z,Pending,DraftKings,2024-09-05T15:36:32.000Z,2.1,1.77,
Green Bay Packers_Philadelphia Eagles,2024-09-07T00:20:00.000Z,Pending,BetOnline.ag,2024-09-05T15:36:32.000Z,2.13,1.75,
Green Bay Packers_Philadelphia Eagles,2024-09-07T00:20:00.000Z,Pending,LowVig.ag,2024-09-05T15:36:32.000Z,2.13,1.75,
Green Bay Packers_Philadelphia Eagles,2024-09-07T00:20:00.000Z,Pending,FanDuel,2024-09-05T15:37:12.000Z,2.18,1.72,
Green Bay Packers_Philadelphia Eagles,2024-09-07T00:20:00.000Z,Pending,BetMGM,2024-09-05T15:36:46.000Z,2.1,1.77,
Green Bay Packers_Philadelphia Eagles,2024-09-07T00:20:00.000Z,Pending,Caesars,2024-09-05T15:37:05.000Z,2.15,1.74,
Green Bay Packers_Philadelphia Eagles,2024-09-07T00:20:00.000Z,Pending,BetRivers,2024-09-05T15:36:57.000Z,2.14,1.73,
Green Bay Packers_Philadelphia Eagles,2024-09-07T00:20:00.000Z,Pending,MyBookie.ag,2024-09-05T15:25:38.000Z,2.1,1.74,
Green Bay Packers_Philadelphia Eagles,2024-09-07T00:20:00.000Z,Pending,BetUS,2024-09-05T15:37:28.000Z,2.1,1.77,
Green Bay Packers_Philadelphia Eagles,2024-09-07T00:20:00.000Z,Pending,Bovada,2024-09-05T15:36:32.000Z,2.15,1.74,
Arizona Cardinals_Buffalo Bills,2024-09-08T17:00:00.000Z,Pending,FanDuel,2024-09-05T15:37:12.000Z,3.45,1.33,
Arizona Cardinals_Buffalo Bills,2024-09-08T17:00:00.000Z,Pending,DraftKings,2024-09-05T15:36:32.000Z,3.45,1.33,
Arizona Cardinals_Buffalo Bills,2024-09-08T17:00:00.000Z,Pending,Caesars,2024-09-05T15:37:05.000Z,3.4,1.33,
Arizona Cardinals_Buffalo Bills,2024-09-08T17:00:00.000Z,Pending,BetRivers,2024-09-05T15:36:57.000Z,3.3,1.34,
Arizona Cardinals_Buffalo Bills,2024-09-08T17:00:00.000Z,Pending,BetUS,2024-09-05T15:37:28.000Z,3.5,1.33,
Arizona Cardinals_Buffalo Bills,2024-09-08T17:00:00.000Z,Pending,MyBookie.ag,2024-09-05T15:25:38.000Z,3.24,1.34,
Arizona Cardinals_Buffalo Bills,2024-09-08T17:00:00.000Z,Pending,BetOnline.ag,2024-09-05T15:36:32.000Z,3.5,1.33,
Arizona Cardinals_Buffalo Bills,2024-09-08T17:00:00.000Z,Pending,LowVig.ag,2024-09-05T15:36:32.000Z,3.5,1.33,
Arizona Cardinals_Buffalo Bills,2024-09-08T17:00:00.000Z,Pending,BetMGM,2024-09-05T15:36:46.000Z,3.4,1.33,
Arizona Cardinals_Buffalo Bills,2024-09-08T17:00:00.000Z,Pending,Bovada,2024-09-05T15:36:32.000Z,3.4,1.34,
Atlanta Falcons_Pittsburgh Steelers,2024-09-08T17:00:00.000Z,Pending,DraftKings,2024-09-05T15:36:32.000Z,1.59,2.42,
Atlanta Falcons_Pittsburgh Steelers,2024-09-08T17:00:00.000Z,Pending,FanDuel,2024-09-05T15:37:12.000Z,1.54,2.56,
Atlanta Falcons_Pittsburgh Steelers,2024-09-08T17:00:00.000Z,Pending,BetRivers,2024-09-05T15:36:57.000Z,1.56,2.45,
Atlanta Falcons_Pittsburgh Steelers,2024-09-08T17:00:00.000Z,Pending,Caesars,2024-09-05T15:37:05.000Z,1.56,2.5,
Atlanta Falcons_Pittsburgh Steelers,2024-09-08T17:00:00.000Z,Pending,BetUS,2024-09-05T15:37:28.000Z,1.56,2.55,
Atlanta Falcons_Pittsburgh Steelers,2024-09-08T17:00:00.000Z,Pending,MyBookie.ag,2024-09-05T15:25:38.000Z,1.53,2.52,
Atlanta Falcons_Pittsburgh Steelers,2024-09-08T17:00:00.000Z,Pending,BetOnline.ag,2024-09-05T15:36:32.000Z,1.56,2.58,
Atlanta Falcons_Pittsburgh Steelers,2024-09-08T17:00:00.000Z,Pending,LowVig.ag,2024-09-05T15:36:32.000Z,1.56,2.58,
Atlanta Falcons_Pittsburgh Steelers,2024-09-08T17:00:00.000Z,Pending,BetMGM,2024-09-05T15:36:46.000Z,1.61,2.4,
Atlanta Falcons_Pittsburgh Steelers,2024-09-08T17:00:00.000Z,Pending,Bovada,2024-09-05T15:36:32.000Z,1.57,2.5,
Carolina Panthers_New Orleans Saints,2024-09-08T17:00:00.000Z,Pending,FanDuel,2024-09-05T15:37:12.000Z,2.68,1.5,
Carolina Panthers_New Orleans Saints,2024-09-08T17:00:00.000Z,Pending,DraftKings,2024-09-05T15:36:32.000Z,2.6,1.52,
Carolina Panthers_New Orleans Saints,2024-09-08T17:00:00.000Z,Pending,Caesars,2024-09-05T15:37:05.000Z,2.7,1.49,
Carolina Panthers_New Orleans Saints,2024-09-08T17:00:00.000Z,Pending,BetRivers,2024-09-05T15:36:57.000Z,2.65,1.49,
Carolina Panthers_New Orleans Saints,2024-09-08T17:00:00.000Z,Pending,MyBookie.ag,2024-09-05T15:25:38.000Z,2.62,1.5,
Carolina Panthers_New Orleans Saints,2024-09-08T17:00:00.000Z,Pending,LowVig.ag,2024-09-05T15:36:32.000Z,2.75,1.49,
Carolina Panthers_New Orleans Saints,2024-09-08T17:00:00.000Z,Pending,BetOnline.ag,2024-09-05T15:36:32.000Z,2.75,1.49,
Carolina Panthers_New Orleans Saints,2024-09-08T17:00:00.000Z,Pending,BetUS,2024-09-05T15:37:28.000Z,2.7,1.5,
Carolina Panthers_New Orleans Saints,2024-09-08T17:00:00.000Z,Pending,BetMGM,2024-09-05T15:36:46.000Z,2.65,1.5,
Carolina Panthers_New Orleans Saints,2024-09-08T17:00:00.000Z,Pending,Bovada,2024-09-05T15:36:32.000Z,2.65,1.51,
Chicago Bears_Tennessee Titans,2024-09-08T17:00:00.000Z,Pending,FanDuel,2024-09-05T15:37:12.000Z,1.53,2.6,
Chicago Bears_Tennessee Titans,2024-09-08T17:00:00.000Z,Pending,DraftKings,2024-09-05T15:36:32.000Z,1.54,2.54,
Chicago Bears_Tennessee Titans,2024-09-08T17:00:00.000Z,Pending,BetRivers,2024-09-05T15:36:57.000Z,1.51,2.6,
Chicago Bears_Tennessee Titans,2024-09-08T17:00:00.000Z,Pending,Caesars,2024-09-05T15:37:05.000Z,1.53,2.58,
Chicago Bears_Tennessee Titans,2024-09-08T17:00:00.000Z,Pending,MyBookie.ag,2024-09-05T15:25:38.000Z,1.52,2.56,
Chicago Bears_Tennessee Titans,2024-09-08T17:00:00.000Z,Pending,BetUS,2024-09-05T15:37:28.000Z,1.53,2.63,
Chicago Bears_Tennessee Titans,2024-09-08T17:00:00.000Z,Pending,BetOnline.ag,2024-09-05T15:36:32.000Z,1.53,2.65,
Chicago Bears_Tennessee Titans,2024-09-08T17:00:00.000Z,Pending,LowVig.ag,2024-09-05T15:36:32.000Z,1.53,2.65,
Chicago Bears_Tennessee Titans,2024-09-08T17:00:00.000Z,Pending,BetMGM,2024-09-05T15:36:46.000Z,1.5,2.65,
Chicago Bears_Tennessee Titans,2024-09-08T17:00:00.000Z,Pending,Bovada,2024-09-05T15:36:32.000Z,1.56,2.55,
Cincinnati Bengals_New England Patriots,2024-09-08T17:00:00.000Z,Pending,FanDuel,2024-09-05T15:37:12.000Z,1.24,4.3,
Cincinnati Bengals_New England Patriots,2024-09-08T17:00:00.000Z,Pending,DraftKings,2024-09-05T15:36:32.000Z,1.25,4.1,
Cincinnati Bengals_New England Patriots,2024-09-08T17:00:00.000Z,Pending,Caesars,2024-09-05T15:37:05.000Z,1.23,4.28,
Cincinnati Bengals_New England Patriots,2024-09-08T17:00:00.000Z,Pending,BetRivers,2024-09-05T15:36:57.000Z,1.24,4.2,
Cincinnati Bengals_New England Patriots,2024-09-08T17:00:00.000Z,Pending,MyBookie.ag,2024-09-05T15:25:38.000Z,1.23,4.2,
Cincinnati Bengals_New England Patriots,2024-09-08T17:00:00.000Z,Pending,BetOnline.ag,2024-09-05T15:36:32.000Z,1.24,4.45,
Cincinnati Bengals_New England Patriots,2024-09-08T17:00:00.000Z,Pending,LowVig.ag,2024-09-05T15:36:32.000Z,1.24,4.45,
Cincinnati Bengals_New England Patriots,2024-09-08T17:00:00.000Z,Pending,BetUS,2024-09-05T15:37:28.000Z,1.24,4.3,
Cincinnati Bengals_New England Patriots,2024-09-08T17:00:00.000Z,Pending,BetMGM,2024-09-05T15:36:46.000Z,1.25,4.1,
Cincinnati Bengals_New England Patriots,2024-09-08T17:00:00.000Z,Pending,Bovada,2024-09-05T15:36:32.000Z,1.23,4.25,
Houston Texans_Indianapolis Colts,2024-09-08T17:00:00.000Z,Pending,FanDuel,2024-09-05T15:37:12.000Z,1.66,2.28,
Houston Texans_Indianapolis Colts,2024-09-08T17:00:00.000Z,Pending,Caesars,2024-09-05T15:37:05.000Z,1.59,2.43,
Houston Texans_Indianapolis Colts,2024-09-08T17:00:00.000Z,Pending,DraftKings,2024-09-05T15:36:32.000Z,1.68,2.24,
Houston Texans_Indianapolis Colts,2024-09-08T17:00:00.000Z,Pending,BetRivers,2024-09-05T15:36:57.000Z,1.64,2.3,
Houston Texans_Indianapolis Colts,2024-09-08T17:00:00.000Z,Pending,MyBookie.ag,2024-09-05T15:25:38.000Z,1.63,2.29,
Houston Texans_Indianapolis Colts,2024-09-08T17:00:00.000Z,Pending,LowVig.ag,2024-09-05T15:36:32.000Z,1.65,2.35,
Houston Texans_Indianapolis Colts,2024-09-08T17:00:00.000Z,Pending,BetOnline.ag,2024-09-05T15:36:32.000Z,1.65,2.35,
Houston Texans_Indianapolis Colts,2024-09-08T17:00:00.000Z,Pending,BetUS,2024-09-05T15:37:28.000Z,1.65,2.34,
Houston Texans_Indianapolis Colts,2024-09-08T17:00:00.000Z,Pending,BetMGM,2024-09-05T15:36:46.000Z,1.62,2.3,
Houston Texans_Indianapolis Colts,2024-09-08T17:00:00.000Z,Pending,Bovada,2024-09-05T15:36:32.000Z,1.62,2.35,
Jacksonville Jaguars_Miami Dolphins,2024-09-08T17:00:00.000Z,Pending,FanDuel,2024-09-05T15:37:12.000Z,2.44,1.58,
Jacksonville Jaguars_Miami Dolphins,2024-09-08T17:00:00.000Z,Pending,Caesars,2024-09-05T15:37:05.000Z,2.5,1.56,
Jacksonville Jaguars_Miami Dolphins,2024-09-08T17:00:00.000Z,Pending,DraftKings,2024-09-05T15:36:32.000Z,2.4,1.6,
Jacksonville Jaguars_Miami Dolphins,2024-09-08T17:00:00.000Z,Pending,BetRivers,2024-09-05T15:36:57.000Z,2.48,1.56,
Jacksonville Jaguars_Miami Dolphins,2024-09-08T17:00:00.000Z,Pending,BetUS,2024-09-05T15:37:28.000Z,2.5,1.57,
Jacksonville Jaguars_Miami Dolphins,2024-09-08T17:00:00.000Z,Pending,MyBookie.ag,2024-09-05T15:25:38.000Z,2.42,1.57,
Jacksonville Jaguars_Miami Dolphins,2024-09-08T17:00:00.000Z,Pending,BetOnline.ag,2024-09-05T15:36:32.000Z,2.55,1.57,
Jacksonville Jaguars_Miami Dolphins,2024-09-08T17:00:00.000Z,Pending,LowVig.ag,2024-09-05T15:36:32.000Z,2.55,1.57,
Jacksonville Jaguars_Miami Dolphins,2024-09-08T17:00:00.000Z,Pending,BetMGM,2024-09-05T15:36:46.000Z,2.45,1.57,
Jacksonville Jaguars_Miami Dolphins,2024-09-08T17:00:00.000Z,Pending,Bovada,2024-09-05T15:36:32.000Z,2.55,1.56,
Minnesota Vikings_New York Giants,2024-09-08T17:00:00.000Z,Pending,FanDuel,2024-09-05T15:37:12.000Z,1.81,2.06,
Minnesota Vikings_New York Giants,2024-09-08T17:00:00.000Z,Pending,DraftKings,2024-09-05T15:36:32.000Z,1.8,2.05,
Minnesota Vikings_New York Giants,2024-09-08T17:00:00.000Z,Pending,Caesars,2024-09-05T15:37:05.000Z,1.8,2.05,
Minnesota Vikings_New York Giants,2024-09-08T17:00:00.000Z,Pending,BetRivers,2024-09-05T15:36:57.000Z,1.83,1.97,
Minnesota Vikings_New York Giants,2024-09-08T17:00:00.000Z,Pending,BetUS,2024-09-05T15:37:28.000Z,1.78,2.09,
Minnesota Vikings_New York Giants,2024-09-08T17:00:00.000Z,Pending,MyBookie.ag,2024-09-05T15:25:38.000Z,1.79,2.03,
Minnesota Vikings_New York Giants,2024-09-08T17:00:00.000Z,Pending,BetOnline.ag,2024-09-05T15:36:32.000Z,1.77,2.1,
Minnesota Vikings_New York Giants,2024-09-08T17:00:00.000Z,Pending,LowVig.ag,2024-09-05T15:36:32.000Z,1.77,2.1,
Minnesota Vikings_New York Giants,2024-09-08T17:00:00.000Z,Pending,BetMGM,2024-09-05T15:36:46.000Z,1.83,2,
Minnesota Vikings_New York Giants,2024-09-08T17:00:00.000Z,Pending,Bovada,2024-09-05T15:36:32.000Z,1.77,2.1,
Denver Broncos_Seattle Seahawks,2024-09-08T20:05:00.000Z,Pending,FanDuel,2024-09-05T15:37:12.000Z,3.25,1.36,
Denver Broncos_Seattle Seahawks,2024-09-08T20:05:00.000Z,Pending,Caesars,2024-09-05T15:37:05.000Z,3.05,1.4,
Denver Broncos_Seattle Seahawks,2024-09-08T20:05:00.000Z,Pending,DraftKings,2024-09-05T15:36:32.000Z,3.05,1.4,
Denver Broncos_Seattle Seahawks,2024-09-08T20:05:00.000Z,Pending,BetRivers,2024-09-05T15:36:57.000Z,3,1.4,
Denver Broncos_Seattle Seahawks,2024-09-08T20:05:00.000Z,Pending,MyBookie.ag,2024-09-05T15:25:38.000Z,3.12,1.37,
Denver Broncos_Seattle Seahawks,2024-09-08T20:05:00.000Z,Pending,LowVig.ag,2024-09-05T15:36:32.000Z,3.12,1.4,
Denver Broncos_Seattle Seahawks,2024-09-08T20:05:00.000Z,Pending,BetOnline.ag,2024-09-05T15:36:32.000Z,3.12,1.4,
Denver Broncos_Seattle Seahawks,2024-09-08T20:05:00.000Z,Pending,BetMGM,2024-09-05T15:36:46.000Z,3,1.4,
Denver Broncos_Seattle Seahawks,2024-09-08T20:05:00.000Z,Pending,BetUS,2024-09-05T15:37:28.000Z,3.1,1.4,
Denver Broncos_Seattle Seahawks,2024-09-08T20:05:00.000Z,Pending,Bovada,2024-09-05T15:36:32.000Z,3.15,1.38,
Las Vegas Raiders_Los Angeles Chargers,2024-09-08T20:05:00.000Z,Pending,FanDuel,2024-09-05T15:37:12.000Z,2.42,1.6,
Las Vegas Raiders_Los Angeles Chargers,2024-09-08T20:05:00.000Z,Pending,DraftKings,2024-09-05T15:36:32.000Z,2.3,1.65,
Las Vegas Raiders_Los Angeles Chargers,2024-09-08T20:05:00.000Z,Pending,Caesars,2024-09-05T15:37:05.000Z,2.4,1.61,
Las Vegas Raiders_Los Angeles Chargers,2024-09-08T20:05:00.000Z,Pending,BetRivers,2024-09-05T15:36:57.000Z,2.35,1.61,
Las Vegas Raiders_Los Angeles Chargers,2024-09-08T20:05:00.000Z,Pending,MyBookie.ag,2024-09-05T15:25:38.000Z,2.33,1.61,
Las Vegas Raiders_Los Angeles Chargers,2024-09-08T20:05:00.000Z,Pending,BetUS,2024-09-05T15:37:28.000Z,2.38,1.62,
Las Vegas Raiders_Los Angeles Chargers,2024-09-08T20:05:00.000Z,Pending,BetOnline.ag,2024-09-05T15:36:32.000Z,2.4,1.62,
Las Vegas Raiders_Los Angeles Chargers,2024-09-08T20:05:00.000Z,Pending,LowVig.ag,2024-09-05T15:36:32.000Z,2.4,1.62,
Las Vegas Raiders_Los Angeles Chargers,2024-09-08T20:05:00.000Z,Pending,BetMGM,2024-09-05T15:36:46.000Z,2.35,1.62,
Las Vegas Raiders_Los Angeles Chargers,2024-09-08T20:05:00.000Z,Pending,Bovada,2024-09-05T15:36:32.000Z,2.35,1.62,
Cleveland Browns_Dallas Cowboys,2024-09-08T20:25:00.000Z,Pending,FanDuel,2024-09-05T15:37:12.000Z,1.7,2.2,
Cleveland Browns_Dallas Cowboys,2024-09-08T20:25:00.000Z,Pending,Caesars,2024-09-05T15:37:05.000Z,1.74,2.15,
Cleveland Browns_Dallas Cowboys,2024-09-08T20:25:00.000Z,Pending,BetOnline.ag,2024-09-05T15:36:32.000Z,1.71,2.2,
Cleveland Browns_Dallas Cowboys,2024-09-08T20:25:00.000Z,Pending,LowVig.ag,2024-09-05T15:36:32.000Z,1.71,2.2,
Cleveland Browns_Dallas Cowboys,2024-09-08T20:25:00.000Z,Pending,DraftKings,2024-09-05T15:36:32.000Z,1.74,2.14,
Cleveland Browns_Dallas Cowboys,2024-09-08T20:25:00.000Z,Pending,BetRivers,2024-09-05T15:36:57.000Z,1.7,2.2,
Cleveland Browns_Dallas Cowboys,2024-09-08T20:25:00.000Z,Pending,BetUS,2024-09-05T15:37:28.000Z,1.71,2.2,
Cleveland Browns_Dallas Cowboys,2024-09-08T20:25:00.000Z,Pending,MyBookie.ag,2024-09-05T15:25:38.000Z,1.71,2.14,
Cleveland Browns_Dallas Cowboys,2024-09-08T20:25:00.000Z,Pending,BetMGM,2024-09-05T15:36:46.000Z,1.74,2.15,
Cleveland Browns_Dallas Cowboys,2024-09-08T20:25:00.000Z,Pending,Bovada,2024-09-05T15:36:32.000Z,1.71,2.2,
Tampa Bay Buccaneers_Washington Commanders,2024-09-08T20:25:00.000Z,Pending,FanDuel,2024-09-05T15:37:12.000Z,1.56,2.52,
Tampa Bay Buccaneers_Washington Commanders,2024-09-08T20:25:00.000Z,Pending,BetRivers,2024-09-05T15:36:57.000Z,1.55,2.5,
Tampa Bay Buccaneers_Washington Commanders,2024-09-08T20:25:00.000Z,Pending,Caesars,2024-09-05T15:37:05.000Z,1.56,2.5,
Tampa Bay Buccaneers_Washington Commanders,2024-09-08T20:25:00.000Z,Pending,DraftKings,2024-09-05T15:36:32.000Z,1.54,2.54,
Tampa Bay Buccaneers_Washington Commanders,2024-09-08T20:25:00.000Z,Pending,BetUS,2024-09-05T15:37:28.000Z,1.56,2.55,
Tampa Bay Buccaneers_Washington Commanders,2024-09-08T20:25:00.000Z,Pending,MyBookie.ag,2024-09-05T15:25:38.000Z,1.54,2.49,
Tampa Bay Buccaneers_Washington Commanders,2024-09-08T20:25:00.000Z,Pending,BetOnline.ag,2024-09-05T15:36:32.000Z,1.57,2.55,
Tampa Bay Buccaneers_Washington Commanders,2024-09-08T20:25:00.000Z,Pending,LowVig.ag,2024-09-05T15:36:32.000Z,1.57,2.55,
Tampa Bay Buccaneers_Washington Commanders,2024-09-08T20:25:00.000Z,Pending,BetMGM,2024-09-05T15:36:46.000Z,1.57,2.45,
Tampa Bay Buccaneers_Washington Commanders,2024-09-08T20:25:00.000Z,Pending,Bovada,2024-09-05T15:36:32.000Z,1.56,2.55,
Detroit Lions_Los Angeles Rams,2024-09-09T00:20:00.000Z,Pending,FanDuel,2024-09-05T15:37:12.000Z,1.51,2.66,
Detroit Lions_Los Angeles Rams,2024-09-09T00:20:00.000Z,Pending,Caesars,2024-09-05T15:37:05.000Z,1.53,2.58,
Detroit Lions_Los Angeles Rams,2024-09-09T00:20:00.000Z,Pending,DraftKings,2024-09-05T15:36:32.000Z,1.52,2.6,
Detroit Lions_Los Angeles Rams,2024-09-09T00:20:00.000Z,Pending,BetRivers,2024-09-05T15:36:57.000Z,1.51,2.6,
Detroit Lions_Los Angeles Rams,2024-09-09T00:20:00.000Z,Pending,BetUS,2024-09-05T15:37:28.000Z,1.54,2.59,
Detroit Lions_Los Angeles Rams,2024-09-09T00:20:00.000Z,Pending,MyBookie.ag,2024-09-05T15:25:38.000Z,1.51,2.58,
Detroit Lions_Los Angeles Rams,2024-09-09T00:20:00.000Z,Pending,BetOnline.ag,2024-09-05T15:36:32.000Z,1.53,2.65,
Detroit Lions_Los Angeles Rams,2024-09-09T00:20:00.000Z,Pending,LowVig.ag,2024-09-05T15:36:32.000Z,1.53,2.65,
Detroit Lions_Los Angeles Rams,2024-09-09T00:20:00.000Z,Pending,BetMGM,2024-09-05T15:36:46.000Z,1.53,2.55,
Detroit Lions_Los Angeles Rams,2024-09-09T00:20:00.000Z,Pending,Bovada,2024-09-05T15:36:32.000Z,1.5,2.7,
New York Jets_San Francisco 49ers,2024-09-10T00:20:00.000Z,Pending,DraftKings,2024-09-05T15:36:32.000Z,2.85,1.44,
New York Jets_San Francisco 49ers,2024-09-10T00:20:00.000Z,Pending,FanDuel,2024-09-05T15:37:12.000Z,2.8,1.47,
New York Jets_San Francisco 49ers,2024-09-10T00:20:00.000Z,Pending,BetRivers,2024-09-05T15:36:57.000Z,2.75,1.45,
New York Jets_San Francisco 49ers,2024-09-10T00:20:00.000Z,Pending,BetOnline.ag,2024-09-05T15:36:32.000Z,2.8,1.48,
New York Jets_San Francisco 49ers,2024-09-10T00:20:00.000Z,Pending,LowVig.ag,2024-09-05T15:36:32.000Z,2.8,1.48,
New York Jets_San Francisco 49ers,2024-09-10T00:20:00.000Z,Pending,Caesars,2024-09-05T15:37:05.000Z,2.78,1.47,
New York Jets_San Francisco 49ers,2024-09-10T00:20:00.000Z,Pending,BetMGM,2024-09-05T15:36:46.000Z,2.65,1.5,
New York Jets_San Francisco 49ers,2024-09-10T00:20:00.000Z,Pending,MyBookie.ag,2024-09-05T15:25:38.000Z,2.77,1.45,
New York Jets_San Francisco 49ers,2024-09-10T00:20:00.000Z,Pending,BetUS,2024-09-05T15:37:28.000Z,2.8,1.48,
New York Jets_San Francisco 49ers,2024-09-10T00:20:00.000Z,Pending,Bovada,2024-09-05T15:36:32.000Z,2.8,1.45,
Buffalo Bills_Miami Dolphins,2024-09-13T00:20:00.000Z,Pending,FanDuel,2024-09-05T15:37:12.000Z,2.04,1.82,
Buffalo Bills_Miami Dolphins,2024-09-13T00:20:00.000Z,Pending,DraftKings,2024-09-05T15:36:32.000Z,1.95,1.87,
Buffalo Bills_Miami Dolphins,2024-09-13T00:20:00.000Z,Pending,BetRivers,2024-09-05T15:36:57.000Z,2.02,1.82,
Buffalo Bills_Miami Dolphins,2024-09-13T00:20:00.000Z,Pending,Caesars,2024-09-05T15:37:05.000Z,2.05,1.8,
Buffalo Bills_Miami Dolphins,2024-09-13T00:20:00.000Z,Pending,MyBookie.ag,2024-09-05T15:25:38.000Z,1.95,1.83,
Buffalo Bills_Miami Dolphins,2024-09-13T00:20:00.000Z,Pending,Bovada,2024-09-05T15:36:32.000Z,1.95,1.87,
Baltimore Ravens_Las Vegas Raiders,2024-09-15T17:00:00.000Z,Pending,DraftKings,2024-09-05T15:36:32.000Z,1.27,3.95,
Baltimore Ravens_Las Vegas Raiders,2024-09-15T17:00:00.000Z,Pending,Caesars,2024-09-05T15:37:05.000Z,1.27,3.85,
Baltimore Ravens_Las Vegas Raiders,2024-09-15T17:00:00.000Z,Pending,BetRivers,2024-09-05T15:36:57.000Z,1.27,3.85,
Baltimore Ravens_Las Vegas Raiders,2024-09-15T17:00:00.000Z,Pending,Bovada,2024-09-05T15:36:32.000Z,1.27,3.85,
Baltimore Ravens_Las Vegas Raiders,2024-09-15T17:00:00.000Z,Pending,MyBookie.ag,2024-09-05T15:25:38.000Z,1.24,3.9,
Baltimore Ravens_Las Vegas Raiders,2024-09-15T17:00:00.000Z,Pending,FanDuel,2024-09-05T15:37:12.000Z,1.22,4.5,
Carolina Panthers_Los Angeles Chargers,2024-09-15T17:00:00.000Z,Pending,DraftKings,2024-09-05T15:36:32.000Z,2.42,1.59,
Carolina Panthers_Los Angeles Chargers,2024-09-15T17:00:00.000Z,Pending,Caesars,2024-09-05T15:37:05.000Z,2.4,1.61,
Carolina Panthers_Los Angeles Chargers,2024-09-15T17:00:00.000Z,Pending,BetRivers,2024-09-05T15:36:57.000Z,2.35,1.6,
Carolina Panthers_Los Angeles Chargers,2024-09-15T17:00:00.000Z,Pending,Bovada,2024-09-05T15:36:32.000Z,2.4,1.61,
Carolina Panthers_Los Angeles Chargers,2024-09-15T17:00:00.000Z,Pending,MyBookie.ag,2024-09-05T15:25:38.000Z,2.34,1.58,
Carolina Panthers_Los Angeles Chargers,2024-09-15T17:00:00.000Z,Pending,FanDuel,2024-09-05T15:37:12.000Z,2.32,1.64,
Cleveland Browns_Jacksonville Jaguars,2024-09-15T17:00:00.000Z,Pending,DraftKings,2024-09-05T15:36:32.000Z,2.1,1.77,
Cleveland Browns_Jacksonville Jaguars,2024-09-15T17:00:00.000Z,Pending,Caesars,2024-09-05T15:37:05.000Z,2.1,1.77,
Cleveland Browns_Jacksonville Jaguars,2024-09-15T17:00:00.000Z,Pending,BetRivers,2024-09-05T15:36:57.000Z,2.05,1.79,
Cleveland Browns_Jacksonville Jaguars,2024-09-15T17:00:00.000Z,Pending,Bovada,2024-09-05T15:36:32.000Z,2.1,1.77,
Cleveland Browns_Jacksonville Jaguars,2024-09-15T17:00:00.000Z,Pending,MyBookie.ag,2024-09-05T15:25:38.000Z,2.05,1.75,
Cleveland Browns_Jacksonville Jaguars,2024-09-15T17:00:00.000Z,Pending,FanDuel,2024-09-05T15:37:12.000Z,2.08,1.79,
Dallas Cowboys_New Orleans Saints,2024-09-15T17:00:00.000Z,Pending,DraftKings,2024-09-05T15:36:32.000Z,1.39,3.1,
Dallas Cowboys_New Orleans Saints,2024-09-15T17:00:00.000Z,Pending,Caesars,2024-09-05T15:37:05.000Z,1.37,3.15,
Dallas Cowboys_New Orleans Saints,2024-09-15T17:00:00.000Z,Pending,BetRivers,2024-09-05T15:36:57.000Z,1.38,3.05,
Dallas Cowboys_New Orleans Saints,2024-09-15T17:00:00.000Z,Pending,Bovada,2024-09-05T15:36:32.000Z,1.36,3.25,
Dallas Cowboys_New Orleans Saints,2024-09-15T17:00:00.000Z,Pending,MyBookie.ag,2024-09-05T15:25:38.000Z,1.37,3.02,
Dallas Cowboys_New Orleans Saints,2024-09-15T17:00:00.000Z,Pending,FanDuel,2024-09-05T15:37:12.000Z,1.36,3.3,
Detroit Lions_Tampa Bay Buccaneers,2024-09-15T17:00:00.000Z,Pending,DraftKings,2024-09-05T15:36:32.000Z,1.34,3.4,
Detroit Lions_Tampa Bay Buccaneers,2024-09-15T17:00:00.000Z,Pending,Caesars,2024-09-05T15:37:05.000Z,1.34,3.35,
Detroit Lions_Tampa Bay Buccaneers,2024-09-15T17:00:00.000Z,Pending,BetRivers,2024-09-05T15:36:57.000Z,1.34,3.32,
Detroit Lions_Tampa Bay Buccaneers,2024-09-15T17:00:00.000Z,Pending,Bovada,2024-09-05T15:36:32.000Z,1.34,3.4,
Detroit Lions_Tampa Bay Buccaneers,2024-09-15T17:00:00.000Z,Pending,MyBookie.ag,2024-09-05T15:25:38.000Z,1.34,3.18,
Detroit Lions_Tampa Bay Buccaneers,2024-09-15T17:00:00.000Z,Pending,FanDuel,2024-09-05T15:37:12.000Z,1.3,3.7,
Green Bay Packers_Indianapolis Colts,2024-09-15T17:00:00.000Z,Pending,DraftKings,2024-09-05T15:36:32.000Z,1.49,2.7,
Green Bay Packers_Indianapolis Colts,2024-09-15T17:00:00.000Z,Pending,Caesars,2024-09-05T15:37:05.000Z,1.49,2.7,
Green Bay Packers_Indianapolis Colts,2024-09-15T17:00:00.000Z,Pending,BetRivers,2024-09-05T15:36:57.000Z,1.48,2.7,
Green Bay Packers_Indianapolis Colts,2024-09-15T17:00:00.000Z,Pending,Bovada,2024-09-05T15:36:32.000Z,1.48,2.75,
Green Bay Packers_Indianapolis Colts,2024-09-15T17:00:00.000Z,Pending,MyBookie.ag,2024-09-05T15:25:38.000Z,1.47,2.62,
Green Bay Packers_Indianapolis Colts,2024-09-15T17:00:00.000Z,Pending,FanDuel,2024-09-05T15:37:12.000Z,1.51,2.64,
Minnesota Vikings_San Francisco 49ers,2024-09-15T17:00:00.000Z,Pending,DraftKings,2024-09-05T15:36:32.000Z,3.35,1.34,
Minnesota Vikings_San Francisco 49ers,2024-09-15T17:00:00.000Z,Pending,Caesars,2024-09-05T15:37:05.000Z,3.35,1.34,
Minnesota Vikings_San Francisco 49ers,2024-09-15T17:00:00.000Z,Pending,BetRivers,2024-09-05T15:36:57.000Z,3.3,1.35,
Minnesota Vikings_San Francisco 49ers,2024-09-15T17:00:00.000Z,Pending,Bovada,2024-09-05T15:36:32.000Z,3.4,1.34,
Minnesota Vikings_San Francisco 49ers,2024-09-15T17:00:00.000Z,Pending,FanDuel,2024-09-05T15:37:12.000Z,3.35,1.34,
Minnesota Vikings_San Francisco 49ers,2024-09-15T17:00:00.000Z,Pending,MyBookie.ag,2024-09-05T15:25:38.000Z,3.14,1.35,
New England Patriots_Seattle Seahawks,2024-09-15T17:00:00.000Z,Pending,DraftKings,2024-09-05T15:36:32.000Z,2.36,1.62,
New England Patriots_Seattle Seahawks,2024-09-15T17:00:00.000Z,Pending,Caesars,2024-09-05T15:37:05.000Z,2.43,1.59,
New England Patriots_Seattle Seahawks,2024-09-15T17:00:00.000Z,Pending,BetRivers,2024-09-05T15:36:57.000Z,2.45,1.56,
New England Patriots_Seattle Seahawks,2024-09-15T17:00:00.000Z,Pending,Bovada,2024-09-05T15:36:32.000Z,2.35,1.62,
New England Patriots_Seattle Seahawks,2024-09-15T17:00:00.000Z,Pending,MyBookie.ag,2024-09-05T15:25:38.000Z,2.37,1.57,
New England Patriots_Seattle Seahawks,2024-09-15T17:00:00.000Z,Pending,FanDuel,2024-09-05T15:37:12.000Z,2.54,1.54,
New York Giants_Washington Commanders,2024-09-15T17:00:00.000Z,Pending,DraftKings,2024-09-05T15:36:32.000Z,2.2,1.7,
New York Giants_Washington Commanders,2024-09-15T17:00:00.000Z,Pending,Caesars,2024-09-05T15:37:05.000Z,2.18,1.71,
New York Giants_Washington Commanders,2024-09-15T17:00:00.000Z,Pending,BetRivers,2024-09-05T15:36:57.000Z,2.2,1.68,
New York Giants_Washington Commanders,2024-09-15T17:00:00.000Z,Pending,Bovada,2024-09-05T15:36:32.000Z,2.2,1.71,
New York Giants_Washington Commanders,2024-09-15T17:00:00.000Z,Pending,MyBookie.ag,2024-09-05T15:25:38.000Z,2.15,1.68,
New York Giants_Washington Commanders,2024-09-15T17:00:00.000Z,Pending,FanDuel,2024-09-05T15:37:12.000Z,2.18,1.72,
New York Jets_Tennessee Titans,2024-09-15T17:00:00.000Z,Pending,DraftKings,2024-09-05T15:36:32.000Z,1.51,2.64,
New York Jets_Tennessee Titans,2024-09-15T17:00:00.000Z,Pending,Caesars,2024-09-05T15:37:05.000Z,1.51,2.62,
New York Jets_Tennessee Titans,2024-09-15T17:00:00.000Z,Pending,BetRivers,2024-09-05T15:36:57.000Z,1.56,2.43,
New York Jets_Tennessee Titans,2024-09-15T17:00:00.000Z,Pending,Bovada,2024-09-05T15:36:32.000Z,1.54,2.6,
New York Jets_Tennessee Titans,2024-09-15T17:00:00.000Z,Pending,MyBookie.ag,2024-09-05T15:25:38.000Z,1.5,2.55,
New York Jets_Tennessee Titans,2024-09-15T17:00:00.000Z,Pending,FanDuel,2024-09-05T15:37:12.000Z,1.51,2.66,
Arizona Cardinals_Los Angeles Rams,2024-09-15T20:05:00.000Z,Pending,DraftKings,2024-09-05T15:36:32.000Z,2.14,1.74,
Arizona Cardinals_Los Angeles Rams,2024-09-15T20:05:00.000Z,Pending,Caesars,2024-09-05T15:37:05.000Z,2.15,1.74,
Arizona Cardinals_Los Angeles Rams,2024-09-15T20:05:00.000Z,Pending,BetRivers,2024-09-05T15:36:57.000Z,2.14,1.72,
Arizona Cardinals_Los Angeles Rams,2024-09-15T20:05:00.000Z,Pending,Bovada,2024-09-05T15:36:32.000Z,2.15,1.74,
Arizona Cardinals_Los Angeles Rams,2024-09-15T20:05:00.000Z,Pending,MyBookie.ag,2024-09-05T15:25:38.000Z,2.08,1.73,
Arizona Cardinals_Los Angeles Rams,2024-09-15T20:05:00.000Z,Pending,FanDuel,2024-09-05T15:37:12.000Z,2.08,1.79,
Cincinnati Bengals_Kansas City Chiefs,2024-09-15T20:25:00.000Z,Pending,DraftKings,2024-09-05T15:36:32.000Z,2.5,1.56,
Cincinnati Bengals_Kansas City Chiefs,2024-09-15T20:25:00.000Z,Pending,BetRivers,2024-09-05T15:36:57.000Z,2.6,1.5,
Cincinnati Bengals_Kansas City Chiefs,2024-09-15T20:25:00.000Z,Pending,FanDuel,2024-09-05T15:37:12.000Z,2.6,1.53,
Cincinnati Bengals_Kansas City Chiefs,2024-09-15T20:25:00.000Z,Pending,Caesars,2024-09-05T15:37:05.000Z,2.5,1.56,
Cincinnati Bengals_Kansas City Chiefs,2024-09-15T20:25:00.000Z,Pending,MyBookie.ag,2024-09-05T15:25:38.000Z,2.49,1.52,
Cincinnati Bengals_Kansas City Chiefs,2024-09-15T20:25:00.000Z,Pending,Bovada,2024-09-05T15:36:32.000Z,2.5,1.57,
Denver Broncos_Pittsburgh Steelers,2024-09-15T20:25:00.000Z,Pending,DraftKings,2024-09-05T15:36:32.000Z,2.24,1.68,
Denver Broncos_Pittsburgh Steelers,2024-09-15T20:25:00.000Z,Pending,Caesars,2024-09-05T15:37:05.000Z,2.3,1.65,
Denver Broncos_Pittsburgh Steelers,2024-09-15T20:25:00.000Z,Pending,BetRivers,2024-09-05T15:36:57.000Z,2.25,1.66,
Denver Broncos_Pittsburgh Steelers,2024-09-15T20:25:00.000Z,Pending,Bovada,2024-09-05T15:36:32.000Z,2.3,1.67,
Denver Broncos_Pittsburgh Steelers,2024-09-15T20:25:00.000Z,Pending,MyBookie.ag,2024-09-05T15:25:38.000Z,2.17,1.67,
Denver Broncos_Pittsburgh Steelers,2024-09-15T20:25:00.000Z,Pending,FanDuel,2024-09-05T15:37:12.000Z,2.16,1.74,
Chicago Bears_Houston Texans,2024-09-16T00:20:00.000Z,Pending,DraftKings,2024-09-05T15:36:32.000Z,2.5,1.56,
Chicago Bears_Houston Texans,2024-09-16T00:20:00.000Z,Pending,Caesars,2024-09-05T15:37:05.000Z,2.58,1.53,
Chicago Bears_Houston Texans,2024-09-16T00:20:00.000Z,Pending,BetRivers,2024-09-05T15:36:57.000Z,2.55,1.53,
Chicago Bears_Houston Texans,2024-09-16T00:20:00.000Z,Pending,Bovada,2024-09-05T15:36:32.000Z,2.55,1.56,
Chicago Bears_Houston Texans,2024-09-16T00:20:00.000Z,Pending,MyBookie.ag,2024-09-05T15:25:38.000Z,2.5,1.52,
Chicago Bears_Houston Texans,2024-09-16T00:20:00.000Z,Pending,FanDuel,2024-09-05T15:37:12.000Z,2.72,1.49,
Atlanta Falcons_Philadelphia Eagles,2024-09-17T00:15:00.000Z,Pending,FanDuel,2024-09-05T15:37:12.000Z,2.68,1.5,
Atlanta Falcons_Philadelphia Eagles,2024-09-17T00:15:00.000Z,Pending,BetRivers,2024-09-05T15:36:57.000Z,2.63,1.5,
Atlanta Falcons_Philadelphia Eagles,2024-09-17T00:15:00.000Z,Pending,DraftKings,2024-09-05T15:36:32.000Z,2.6,1.52,
Atlanta Falcons_Philadelphia Eagles,2024-09-17T00:15:00.000Z,Pending,Caesars,2024-09-05T15:37:05.000Z,2.58,1.53,
Atlanta Falcons_Philadelphia Eagles,2024-09-17T00:15:00.000Z,Pending,Bovada,2024-09-05T15:36:32.000Z,2.65,1.51,
Atlanta Falcons_Philadelphia Eagles,2024-09-17T00:15:00.000Z,Pending,MyBookie.ag,2024-09-05T15:25:38.000Z,2.56,1.5,
New England Patriots_New York Jets,2024-09-20T00:15:00.000Z,Pending,DraftKings,2024-09-05T15:36:32.000Z,3.85,1.28,
New England Patriots_New York Jets,2024-09-20T00:15:00.000Z,Pending,Caesars,2024-09-05T15:37:05.000Z,3.5,1.31,
Chicago Bears_Indianapolis Colts,2024-09-22T17:00:00.000Z,Pending,DraftKings,2024-09-05T15:36:32.000Z,2.14,1.74,
Cleveland Browns_New York Giants,2024-09-22T17:00:00.000Z,Pending,DraftKings,2024-09-05T15:36:32.000Z,1.36,3.25,
Cleveland Browns_New York Giants,2024-09-22T17:00:00.000Z,Pending,Caesars,2024-09-05T15:37:05.000Z,1.42,2.96,
Denver Broncos_Tampa Bay Buccaneers,2024-09-22T17:00:00.000Z,Pending,DraftKings,2024-09-05T15:36:32.000Z,2.5,1.56,
Denver Broncos_Tampa Bay Buccaneers,2024-09-22T17:00:00.000Z,Pending,Caesars,2024-09-05T15:37:05.000Z,2.43,1.59,
Green Bay Packers_Tennessee Titans,2024-09-22T17:00:00.000Z,Pending,DraftKings,2024-09-05T15:36:32.000Z,1.56,2.5,
Green Bay Packers_Tennessee Titans,2024-09-22T17:00:00.000Z,Pending,Caesars,2024-09-05T15:37:05.000Z,1.48,2.75,
Houston Texans_Minnesota Vikings,2024-09-22T17:00:00.000Z,Pending,DraftKings,2024-09-05T15:36:32.000Z,1.51,2.64,
Houston Texans_Minnesota Vikings,2024-09-22T17:00:00.000Z,Pending,Caesars,2024-09-05T15:37:05.000Z,1.45,2.8,
Los Angeles Chargers_Pittsburgh Steelers,2024-09-22T17:00:00.000Z,Pending,DraftKings,2024-09-05T15:36:32.000Z,2.2,1.7,
New Orleans Saints_Philadelphia Eagles,2024-09-22T17:00:00.000Z,Pending,DraftKings,2024-09-05T15:36:32.000Z,2.3,1.65,
New Orleans Saints_Philadelphia Eagles,2024-09-22T17:00:00.000Z,Pending,Caesars,2024-09-05T15:37:05.000Z,2.43,1.59,
Carolina Panthers_Las Vegas Raiders,2024-09-22T20:05:00.000Z,Pending,DraftKings,2024-09-05T15:36:32.000Z,2.6,1.52,
Carolina Panthers_Las Vegas Raiders,2024-09-22T20:05:00.000Z,Pending,Caesars,2024-09-05T15:37:05.000Z,2.7,1.49,
Miami Dolphins_Seattle Seahawks,2024-09-22T20:05:00.000Z,Pending,DraftKings,2024-09-05T15:36:32.000Z,1.8,2.05,
Miami Dolphins_Seattle Seahawks,2024-09-22T20:05:00.000Z,Pending,Caesars,2024-09-05T15:37:05.000Z,1.69,2.22,
Arizona Cardinals_Detroit Lions,2024-09-22T20:25:00.000Z,Pending,DraftKings,2024-09-05T15:36:32.000Z,2.64,1.51,
Arizona Cardinals_Detroit Lions,2024-09-22T20:25:00.000Z,Pending,Caesars,2024-09-05T15:37:05.000Z,2.58,1.53,
Baltimore Ravens_Dallas Cowboys,2024-09-22T20:25:00.000Z,Pending,DraftKings,2024-09-05T15:36:32.000Z,1.91,1.91,
Los Angeles Rams_San Francisco 49ers,2024-09-22T20:25:00.000Z,Pending,DraftKings,2024-09-05T15:36:32.000Z,2.3,1.65,
Los Angeles Rams_San Francisco 49ers,2024-09-22T20:25:00.000Z,Pending,Caesars,2024-09-05T15:37:05.000Z,2.52,1.56,
Atlanta Falcons_Kansas City Chiefs,2024-09-23T00:20:00.000Z,Pending,DraftKings,2024-09-05T15:36:32.000Z,2.5,1.56,
Atlanta Falcons_Kansas City Chiefs,2024-09-23T00:20:00.000Z,Pending,Caesars,2024-09-05T15:37:05.000Z,2.52,1.56,
Buffalo Bills_Jacksonville Jaguars,2024-09-23T23:30:00.000Z,Pending,DraftKings,2024-09-05T15:36:32.000Z,1.44,2.85,
Buffalo Bills_Jacksonville Jaguars,2024-09-23T23:30:00.000Z,Pending,Caesars,2024-09-05T15:37:05.000Z,1.53,2.58,
Cincinnati Bengals_Washington Commanders,2024-09-24T00:15:00.000Z,Pending,DraftKings,2024-09-05T15:36:32.000Z,1.29,3.75,
Cincinnati Bengals_Washington Commanders,2024-09-24T00:15:00.000Z,Pending,Caesars,2024-09-05T15:37:05.000Z,1.36,3.22,
Dallas Cowboys_New York Giants,2024-09-27T00:15:00.000Z,Pending,DraftKings,2024-09-05T15:36:32.000Z,1.51,2.64,
Dallas Cowboys_New York Giants,2024-09-27T00:15:00.000Z,Pending,Caesars,2024-09-05T15:37:05.000Z,1.45,2.8,
Atlanta Falcons_New Orleans Saints,2024-09-29T17:00:00.000Z,Pending,DraftKings,2024-09-05T15:36:32.000Z,1.56,2.5,
Atlanta Falcons_New Orleans Saints,2024-09-29T17:00:00.000Z,Pending,Caesars,2024-09-05T15:37:05.000Z,1.53,2.58,
Carolina Panthers_Cincinnati Bengals,2024-09-29T17:00:00.000Z,Pending,DraftKings,2024-09-05T15:36:32.000Z,3.35,1.34,
Carolina Panthers_Cincinnati Bengals,2024-09-29T17:00:00.000Z,Pending,Caesars,2024-09-05T15:37:05.000Z,2.96,1.42,
Chicago Bears_Los Angeles Rams,2024-09-29T17:00:00.000Z,Pending,DraftKings,2024-09-05T15:36:32.000Z,1.82,2.02,
Denver Broncos_New York Jets,2024-09-29T17:00:00.000Z,Pending,DraftKings,2024-09-05T15:36:32.000Z,3.8,1.28,
Denver Broncos_New York Jets,2024-09-29T17:00:00.000Z,Pending,Caesars,2024-09-05T15:37:05.000Z,3.35,1.34,
Green Bay Packers_Minnesota Vikings,2024-09-29T17:00:00.000Z,Pending,DraftKings,2024-09-05T15:36:32.000Z,1.46,2.8,
Green Bay Packers_Minnesota Vikings,2024-09-29T17:00:00.000Z,Pending,Caesars,2024-09-05T15:37:05.000Z,1.42,2.96,
Houston Texans_Jacksonville Jaguars,2024-09-29T17:00:00.000Z,Pending,DraftKings,2024-09-05T15:36:32.000Z,1.56,2.5,
Houston Texans_Jacksonville Jaguars,2024-09-29T17:00:00.000Z,Pending,Caesars,2024-09-05T15:37:05.000Z,1.53,2.58,
Indianapolis Colts_Pittsburgh Steelers,2024-09-29T17:00:00.000Z,Pending,DraftKings,2024-09-05T15:36:32.000Z,1.82,2.02,
Philadelphia Eagles_Tampa Bay Buccaneers,2024-09-29T17:00:00.000Z,Pending,DraftKings,2024-09-05T15:36:32.000Z,1.62,2.36,
Philadelphia Eagles_Tampa Bay Buccaneers,2024-09-29T17:00:00.000Z,Pending,Caesars,2024-09-05T15:37:05.000Z,1.62,2.35,
Arizona Cardinals_Washington Commanders,2024-09-29T20:05:00.000Z,Pending,DraftKings,2024-09-05T15:36:32.000Z,1.74,2.14,
Arizona Cardinals_Washington Commanders,2024-09-29T20:05:00.000Z,Pending,Caesars,2024-09-05T15:37:05.000Z,1.67,2.26,
New England Patriots_San Francisco 49ers,2024-09-29T20:05:00.000Z,Pending,DraftKings,2024-09-05T15:36:32.000Z,5.55,1.16,
New England Patriots_San Francisco 49ers,2024-09-29T20:05:00.000Z,Pending,Caesars,2024-09-05T15:37:05.000Z,5.3,1.17,
Cleveland Browns_Las Vegas Raiders,2024-09-29T20:25:00.000Z,Pending,DraftKings,2024-09-05T15:36:32.000Z,1.68,2.24,
Kansas City Chiefs_Los Angeles Chargers,2024-09-29T20:25:00.000Z,Pending,DraftKings,2024-09-05T15:36:32.000Z,1.57,2.45,
Kansas City Chiefs_Los Angeles Chargers,2024-09-29T20:25:00.000Z,Pending,Caesars,2024-09-05T15:37:05.000Z,1.56,2.52,
Baltimore Ravens_Buffalo Bills,2024-09-30T00:15:00.000Z,Pending,DraftKings,2024-09-05T15:36:32.000Z,1.62,2.36,
Baltimore Ravens_Buffalo Bills,2024-09-30T00:15:00.000Z,Pending,Caesars,2024-09-05T15:37:05.000Z,1.56,2.5,
Miami Dolphins_Tennessee Titans,2024-09-30T23:30:00.000Z,Pending,DraftKings,2024-09-05T15:36:32.000Z,1.35,3.3,
Miami Dolphins_Tennessee Titans,2024-09-30T23:30:00.000Z,Pending,Caesars,2024-09-05T15:37:05.000Z,1.35,3.28,
Detroit Lions_Seattle Seahawks,2024-10-01T00:15:00.000Z,Pending,DraftKings,2024-09-05T15:36:32.000Z,1.4,3.05,
Detroit Lions_Seattle Seahawks,2024-10-01T00:15:00.000Z,Pending,Caesars,2024-09-05T15:37:05.000Z,1.38,3.1,
Atlanta Falcons_Tampa Bay Buccaneers,2024-10-04T00:15:00.000Z,Pending,DraftKings,2024-09-05T15:36:32.000Z,1.62,2.36,
Atlanta Falcons_Tampa Bay Buccaneers,2024-10-04T00:15:00.000Z,Pending,Caesars,2024-09-05T15:37:05.000Z,1.62,2.35,
Minnesota Vikings_New York Jets,2024-10-06T13:30:00.000Z,Pending,DraftKings,2024-09-05T15:36:32.000Z,2.6,1.52,
Minnesota Vikings_New York Jets,2024-10-06T13:30:00.000Z,Pending,FanDuel,2024-09-05T15:37:12.000Z,2.56,1.54,
Minnesota Vikings_New York Jets,2024-10-06T13:30:00.000Z,Pending,Caesars,2024-09-05T15:37:05.000Z,2.75,1.48,
Baltimore Ravens_Cincinnati Bengals,2024-10-06T17:00:00.000Z,Pending,DraftKings,2024-09-05T15:36:32.000Z,2.02,1.82,
Buffalo Bills_Houston Texans,2024-10-06T17:00:00.000Z,Pending,DraftKings,2024-09-05T15:36:32.000Z,2.05,1.8,
Carolina Panthers_Chicago Bears,2024-10-06T17:00:00.000Z,Pending,DraftKings,2024-09-05T15:36:32.000Z,2.85,1.44,
Carolina Panthers_Chicago Bears,2024-10-06T17:00:00.000Z,Pending,Caesars,2024-09-05T15:37:05.000Z,2.96,1.42,
Cleveland Browns_Washington Commanders,2024-10-06T17:00:00.000Z,Pending,DraftKings,2024-09-05T15:36:32.000Z,1.62,2.36,
Cleveland Browns_Washington Commanders,2024-10-06T17:00:00.000Z,Pending,Caesars,2024-09-05T15:37:05.000Z,1.56,2.52,
Indianapolis Colts_Jacksonville Jaguars,2024-10-06T17:00:00.000Z,Pending,DraftKings,2024-09-05T15:36:32.000Z,2.14,1.74,
Miami Dolphins_New England Patriots,2024-10-06T17:00:00.000Z,Pending,DraftKings,2024-09-05T15:36:32.000Z,1.49,2.7,
Miami Dolphins_New England Patriots,2024-10-06T17:00:00.000Z,Pending,Caesars,2024-09-05T15:37:05.000Z,1.4,3.05,
Arizona Cardinals_San Francisco 49ers,2024-10-06T20:05:00.000Z,Pending,DraftKings,2024-09-05T15:36:32.000Z,4.5,1.22,
Arizona Cardinals_San Francisco 49ers,2024-10-06T20:05:00.000Z,Pending,Caesars,2024-09-05T15:37:05.000Z,4.6,1.21,
Denver Broncos_Las Vegas Raiders,2024-10-06T20:05:00.000Z,Pending,DraftKings,2024-09-05T15:36:32.000Z,1.89,1.93,
Green Bay Packers_Los Angeles Rams,2024-10-06T20:25:00.000Z,Pending,DraftKings,2024-09-05T15:36:32.000Z,2.14,1.74,
New York Giants_Seattle Seahawks,2024-10-06T20:25:00.000Z,Pending,DraftKings,2024-09-05T15:36:32.000Z,2.5,1.56,
New York Giants_Seattle Seahawks,2024-10-06T20:25:00.000Z,Pending,Caesars,2024-09-05T15:37:05.000Z,2.35,1.62,
Dallas Cowboys_Pittsburgh Steelers,2024-10-07T00:20:00.000Z,Pending,DraftKings,2024-09-05T15:36:32.000Z,1.8,2.05,
Dallas Cowboys_Pittsburgh Steelers,2024-10-07T00:20:00.000Z,Pending,Caesars,2024-09-05T15:37:05.000Z,1.69,2.22,
Kansas City Chiefs_New Orleans Saints,2024-10-08T00:15:00.000Z,Pending,DraftKings,2024-09-05T15:36:32.000Z,1.27,3.95,
Kansas City Chiefs_New Orleans Saints,2024-10-08T00:15:00.000Z,Pending,Caesars,2024-09-05T15:37:05.000Z,1.28,3.78,
San Francisco 49ers_Seattle Seahawks,2024-10-11T00:15:00.000Z,Pending,DraftKings,2024-09-05T15:36:32.000Z,1.46,2.8,
San Francisco 49ers_Seattle Seahawks,2024-10-11T00:15:00.000Z,Pending,Caesars,2024-09-05T15:37:05.000Z,1.42,2.96,
Chicago Bears_Jacksonville Jaguars,2024-10-13T13:30:00.000Z,Pending,DraftKings,2024-09-05T15:36:32.000Z,1.93,1.89,
Chicago Bears_Jacksonville Jaguars,2024-10-13T13:30:00.000Z,Pending,FanDuel,2024-09-05T15:37:12.000Z,1.98,1.86,
Arizona Cardinals_Green Bay Packers,2024-10-13T17:00:00.000Z,Pending,DraftKings,2024-09-05T15:36:32.000Z,2.8,1.46,
Arizona Cardinals_Green Bay Packers,2024-10-13T17:00:00.000Z,Pending,Caesars,2024-09-05T15:37:05.000Z,2.75,1.48,
Baltimore Ravens_Washington Commanders,2024-10-13T17:00:00.000Z,Pending,DraftKings,2024-09-05T15:36:32.000Z,1.24,4.2,
Baltimore Ravens_Washington Commanders,2024-10-13T17:00:00.000Z,Pending,Caesars,2024-09-05T15:37:05.000Z,1.23,4.28,
Cleveland Browns_Philadelphia Eagles,2024-10-13T17:00:00.000Z,Pending,DraftKings,2024-09-05T15:36:32.000Z,2.3,1.65,
Cleveland Browns_Philadelphia Eagles,2024-10-13T17:00:00.000Z,Pending,Caesars,2024-09-05T15:37:05.000Z,2.43,1.59,
Houston Texans_New England Patriots,2024-10-13T17:00:00.000Z,Pending,DraftKings,2024-09-05T15:36:32.000Z,1.41,3,
Houston Texans_New England Patriots,2024-10-13T17:00:00.000Z,Pending,Caesars,2024-09-05T15:37:05.000Z,1.48,2.75,
Indianapolis Colts_Tennessee Titans,2024-10-13T17:00:00.000Z,Pending,DraftKings,2024-09-05T15:36:32.000Z,1.82,2.02,
New Orleans Saints_Tampa Bay Buccaneers,2024-10-13T17:00:00.000Z,Pending,DraftKings,2024-09-05T15:36:32.000Z,1.82,2.02,
Denver Broncos_Los Angeles Chargers,2024-10-13T20:05:00.000Z,Pending,DraftKings,2024-09-05T15:36:32.000Z,2.24,1.68,
Denver Broncos_Los Angeles Chargers,2024-10-13T20:05:00.000Z,Pending,Caesars,2024-09-05T15:37:05.000Z,2.35,1.62,
Las Vegas Raiders_Pittsburgh Steelers,2024-10-13T20:05:00.000Z,Pending,DraftKings,2024-09-05T15:36:32.000Z,1.95,1.87,
Atlanta Falcons_Carolina Panthers,2024-10-13T20:25:00.000Z,Pending,DraftKings,2024-09-05T15:36:32.000Z,1.56,2.5,
Atlanta Falcons_Carolina Panthers,2024-10-13T20:25:00.000Z,Pending,Caesars,2024-09-05T15:37:05.000Z,1.62,2.35,
Dallas Cowboys_Detroit Lions,2024-10-13T20:25:00.000Z,Pending,DraftKings,2024-09-05T15:36:32.000Z,1.85,1.98,
Cincinnati Bengals_New York Giants,2024-10-14T00:20:00.000Z,Pending,DraftKings,2024-09-05T15:36:32.000Z,1.42,2.95,
Cincinnati Bengals_New York Giants,2024-10-14T00:20:00.000Z,Pending,Caesars,2024-09-05T15:37:05.000Z,1.42,2.96,
Buffalo Bills_New York Jets,2024-10-15T00:15:00.000Z,Pending,DraftKings,2024-09-05T15:36:32.000Z,2.02,1.82,
Denver Broncos_New Orleans Saints,2024-10-18T00:15:00.000Z,Pending,DraftKings,2024-09-05T15:36:32.000Z,2.5,1.56,
Denver Broncos_New Orleans Saints,2024-10-18T00:15:00.000Z,Pending,Caesars,2024-09-05T15:37:05.000Z,2.75,1.48,
Jacksonville Jaguars_New England Patriots,2024-10-20T13:30:00.000Z,Pending,DraftKings,2024-09-05T15:36:32.000Z,1.37,3.2,
Jacksonville Jaguars_New England Patriots,2024-10-20T13:30:00.000Z,Pending,FanDuel,2024-09-05T15:37:12.000Z,1.32,3.5,
Jacksonville Jaguars_New England Patriots,2024-10-20T13:30:00.000Z,Pending,Caesars,2024-09-05T15:37:05.000Z,1.38,3.1,
Atlanta Falcons_Seattle Seahawks,2024-10-20T17:00:00.000Z,Pending,DraftKings,2024-09-05T15:36:32.000Z,1.57,2.45,
Atlanta Falcons_Seattle Seahawks,2024-10-20T17:00:00.000Z,Pending,Caesars,2024-09-05T15:37:05.000Z,1.53,2.58,
Buffalo Bills_Tennessee Titans,2024-10-20T17:00:00.000Z,Pending,DraftKings,2024-09-05T15:36:32.000Z,1.28,3.85,
Buffalo Bills_Tennessee Titans,2024-10-20T17:00:00.000Z,Pending,Caesars,2024-09-05T15:37:05.000Z,1.28,3.78,
Cincinnati Bengals_Cleveland Browns,2024-10-20T17:00:00.000Z,Pending,DraftKings,2024-09-05T15:36:32.000Z,1.91,1.91,
Detroit Lions_Minnesota Vikings,2024-10-20T17:00:00.000Z,Pending,DraftKings,2024-09-05T15:36:32.000Z,1.59,2.42,
Detroit Lions_Minnesota Vikings,2024-10-20T17:00:00.000Z,Pending,Caesars,2024-09-05T15:37:05.000Z,1.53,2.58,
Green Bay Packers_Houston Texans,2024-10-20T17:00:00.000Z,Pending,DraftKings,2024-09-05T15:36:32.000Z,1.74,2.14,
Indianapolis Colts_Miami Dolphins,2024-10-20T17:00:00.000Z,Pending,DraftKings,2024-09-05T15:36:32.000Z,1.98,1.85,
New York Giants_Philadelphia Eagles,2024-10-20T17:00:00.000Z,Pending,DraftKings,2024-09-05T15:36:32.000Z,2.7,1.49,
New York Giants_Philadelphia Eagles,2024-10-20T17:00:00.000Z,Pending,Caesars,2024-09-05T15:37:05.000Z,2.96,1.42,
Carolina Panthers_Washington Commanders,2024-10-20T20:05:00.000Z,Pending,DraftKings,2024-09-05T15:36:32.000Z,2.3,1.65,
Carolina Panthers_Washington Commanders,2024-10-20T20:05:00.000Z,Pending,Caesars,2024-09-05T15:37:05.000Z,2.52,1.56,
Las Vegas Raiders_Los Angeles Rams,2024-10-20T20:05:00.000Z,Pending,DraftKings,2024-09-05T15:36:32.000Z,2.7,1.49,
Las Vegas Raiders_Los Angeles Rams,2024-10-20T20:05:00.000Z,Pending,Caesars,2024-09-05T15:37:05.000Z,3.05,1.4,
Kansas City Chiefs_San Francisco 49ers,2024-10-20T20:25:00.000Z,Pending,FanDuel,2024-09-05T15:37:12.000Z,2.06,1.81,
Kansas City Chiefs_San Francisco 49ers,2024-10-20T20:25:00.000Z,Pending,Caesars,2024-09-05T15:37:05.000Z,2.1,1.77,
Kansas City Chiefs_San Francisco 49ers,2024-10-20T20:25:00.000Z,Pending,DraftKings,2024-09-05T15:36:32.000Z,1.95,1.87,
New York Jets_Pittsburgh Steelers,2024-10-21T00:20:00.000Z,Pending,DraftKings,2024-09-05T15:36:32.000Z,1.87,1.95,
Baltimore Ravens_Tampa Bay Buccaneers,2024-10-22T00:15:00.000Z,Pending,DraftKings,2024-09-05T15:36:32.000Z,1.44,2.85,
Baltimore Ravens_Tampa Bay Buccaneers,2024-10-22T00:15:00.000Z,Pending,Caesars,2024-09-05T15:37:05.000Z,1.48,2.75,
Arizona Cardinals_Los Angeles Chargers,2024-10-22T01:00:00.000Z,Pending,DraftKings,2024-09-05T15:36:32.000Z,1.85,1.98,
Los Angeles Rams_Minnesota Vikings,2024-10-25T00:15:00.000Z,Pending,DraftKings,2024-09-05T15:36:32.000Z,1.56,2.5,
Los Angeles Rams_Minnesota Vikings,2024-10-25T00:15:00.000Z,Pending,Caesars,2024-09-05T15:37:05.000Z,1.51,2.62,
Arizona Cardinals_Miami Dolphins,2024-10-27T17:00:00.000Z,Pending,DraftKings,2024-09-05T15:36:32.000Z,3.1,1.39,
Arizona Cardinals_Miami Dolphins,2024-10-27T17:00:00.000Z,Pending,Caesars,2024-09-05T15:37:05.000Z,3.22,1.36,
Atlanta Falcons_Tampa Bay Buccaneers,2024-10-27T17:00:00.000Z,Pending,DraftKings,2024-09-05T15:36:32.000Z,1.95,1.87,
Baltimore Ravens_Cleveland Browns,2024-10-27T17:00:00.000Z,Pending,DraftKings,2024-09-05T15:36:32.000Z,1.85,1.98,
Chicago Bears_Washington Commanders,2024-10-27T17:00:00.000Z,Pending,DraftKings,2024-09-05T15:36:32.000Z,1.77,2.1,
Detroit Lions_Tennessee Titans,2024-10-27T17:00:00.000Z,Pending,DraftKings,2024-09-05T15:36:32.000Z,1.28,3.85,
Detroit Lions_Tennessee Titans,2024-10-27T17:00:00.000Z,Pending,Caesars,2024-09-05T15:37:05.000Z,1.28,3.78,
Green Bay Packers_Jacksonville Jaguars,2024-10-27T17:00:00.000Z,Pending,DraftKings,2024-09-05T15:36:32.000Z,1.87,1.95,
Houston Texans_Indianapolis Colts,2024-10-27T17:00:00.000Z,Pending,DraftKings,2024-09-05T15:36:32.000Z,1.51,2.64,
Houston Texans_Indianapolis Colts,2024-10-27T17:00:00.000Z,Pending,Caesars,2024-09-05T15:37:05.000Z,1.49,2.7,
New England Patriots_New York Jets,2024-10-27T17:00:00.000Z,Pending,DraftKings,2024-09-05T15:36:32.000Z,2.7,1.49,
New England Patriots_New York Jets,2024-10-27T17:00:00.000Z,Pending,Caesars,2024-09-05T15:37:05.000Z,2.8,1.45,
Buffalo Bills_Seattle Seahawks,2024-10-27T20:05:00.000Z,Pending,DraftKings,2024-09-05T15:36:32.000Z,1.68,2.24,
Buffalo Bills_Seattle Seahawks,2024-10-27T20:05:00.000Z,Pending,Caesars,2024-09-05T15:37:05.000Z,1.69,2.22,
Los Angeles Chargers_New Orleans Saints,2024-10-27T20:05:00.000Z,Pending,DraftKings,2024-09-05T15:36:32.000Z,1.65,2.3,
Los Angeles Chargers_New Orleans Saints,2024-10-27T20:05:00.000Z,Pending,Caesars,2024-09-05T15:37:05.000Z,1.56,2.52,
Carolina Panthers_Denver Broncos,2024-10-27T20:25:00.000Z,Pending,DraftKings,2024-09-05T15:36:32.000Z,2.14,1.74,
Cincinnati Bengals_Philadelphia Eagles,2024-10-27T20:25:00.000Z,Pending,DraftKings,2024-09-05T15:36:32.000Z,1.65,2.3,
Kansas City Chiefs_Las Vegas Raiders,2024-10-27T20:25:00.000Z,Pending,DraftKings,2024-09-05T15:36:32.000Z,1.43,2.9,
Kansas City Chiefs_Las Vegas Raiders,2024-10-27T20:25:00.000Z,Pending,Caesars,2024-09-05T15:37:05.000Z,1.4,3.05,
Dallas Cowboys_San Francisco 49ers,2024-10-28T00:20:00.000Z,Pending,FanDuel,2024-09-05T15:37:12.000Z,2.72,1.49,
Dallas Cowboys_San Francisco 49ers,2024-10-28T00:20:00.000Z,Pending,DraftKings,2024-09-05T15:36:32.000Z,2.9,1.43,
Dallas Cowboys_San Francisco 49ers,2024-10-28T00:20:00.000Z,Pending,Caesars,2024-09-05T15:37:05.000Z,2.96,1.42,
New York Giants_Pittsburgh Steelers,2024-10-29T00:20:00.000Z,Pending,DraftKings,2024-09-05T15:36:32.000Z,2.54,1.54,
New York Giants_Pittsburgh Steelers,2024-10-29T00:20:00.000Z,Pending,Caesars,2024-09-05T15:37:05.000Z,2.8,1.45,
Houston Texans_New York Jets,2024-11-01T00:15:00.000Z,Pending,DraftKings,2024-09-05T15:36:32.000Z,2.2,1.7,
Atlanta Falcons_Dallas Cowboys,2024-11-03T18:00:00.000Z,Pending,DraftKings,2024-09-05T15:36:32.000Z,1.95,1.87,
Baltimore Ravens_Denver Broncos,2024-11-03T18:00:00.000Z,Pending,DraftKings,2024-09-05T15:36:32.000Z,1.17,5.25,
Baltimore Ravens_Denver Broncos,2024-11-03T18:00:00.000Z,Pending,Caesars,2024-09-05T15:37:05.000Z,1.18,5,
Buffalo Bills_Miami Dolphins,2024-11-03T18:00:00.000Z,Pending,DraftKings,2024-09-05T15:36:32.000Z,1.65,2.3,
Buffalo Bills_Miami Dolphins,2024-11-03T18:00:00.000Z,Pending,Caesars,2024-09-05T15:37:05.000Z,1.62,2.35,
Carolina Panthers_New Orleans Saints,2024-11-03T18:00:00.000Z,Pending,DraftKings,2024-09-05T15:36:32.000Z,2,1.83,
Cincinnati Bengals_Las Vegas Raiders,2024-11-03T18:00:00.000Z,Pending,DraftKings,2024-09-05T15:36:32.000Z,1.31,3.6,
Cincinnati Bengals_Las Vegas Raiders,2024-11-03T18:00:00.000Z,Pending,Caesars,2024-09-05T15:37:05.000Z,1.3,3.6,
Cleveland Browns_Los Angeles Chargers,2024-11-03T18:00:00.000Z,Pending,DraftKings,2024-09-05T15:36:32.000Z,1.6,2.4,
Cleveland Browns_Los Angeles Chargers,2024-11-03T18:00:00.000Z,Pending,Caesars,2024-09-05T15:37:05.000Z,1.51,2.62,
Indianapolis Colts_Minnesota Vikings,2024-11-03T18:00:00.000Z,Pending,DraftKings,2024-09-05T15:36:32.000Z,1.93,1.89,
New England Patriots_Tennessee Titans,2024-11-03T18:00:00.000Z,Pending,DraftKings,2024-09-05T15:36:32.000Z,2.24,1.68,
New England Patriots_Tennessee Titans,2024-11-03T18:00:00.000Z,Pending,Caesars,2024-09-05T15:37:05.000Z,2.43,1.59,
New York Giants_Washington Commanders,2024-11-03T18:00:00.000Z,Pending,DraftKings,2024-09-05T15:36:32.000Z,1.8,2.05,
Arizona Cardinals_Chicago Bears,2024-11-03T21:05:00.000Z,Pending,DraftKings,2024-09-05T15:36:32.000Z,2.02,1.82,
Detroit Lions_Green Bay Packers,2024-11-03T21:25:00.000Z,Pending,DraftKings,2024-09-05T15:36:32.000Z,2.02,1.82,
Los Angeles Rams_Seattle Seahawks,2024-11-03T21:25:00.000Z,Pending,DraftKings,2024-09-05T15:36:32.000Z,1.82,2.02,
Jacksonville Jaguars_Philadelphia Eagles,2024-11-04T01:15:00.000Z,Pending,DraftKings,2024-09-05T15:36:32.000Z,2.45,1.57,
Jacksonville Jaguars_Philadelphia Eagles,2024-11-04T01:15:00.000Z,Pending,Caesars,2024-09-05T15:37:05.000Z,2.58,1.53,
Kansas City Chiefs_Tampa Bay Buccaneers,2024-11-05T01:15:00.000Z,Pending,DraftKings,2024-09-05T15:36:32.000Z,1.28,3.85,
Kansas City Chiefs_Tampa Bay Buccaneers,2024-11-05T01:15:00.000Z,Pending,Caesars,2024-09-05T15:37:05.000Z,1.28,3.78,
Baltimore Ravens_Cincinnati Bengals,2024-11-08T01:15:00.000Z,Pending,DraftKings,2024-09-05T15:36:32.000Z,1.65,2.3,
Baltimore Ravens_Cincinnati Bengals,2024-11-08T01:15:00.000Z,Pending,Caesars,2024-09-05T15:37:05.000Z,1.59,2.43,
Carolina Panthers_New York Giants,2024-11-10T14:30:00.000Z,Pending,DraftKings,2024-09-05T15:36:32.000Z,1.98,1.85,
Carolina Panthers_New York Giants,2024-11-10T14:30:00.000Z,Pending,FanDuel,2024-09-05T15:37:12.000Z,2.06,1.81,
Atlanta Falcons_New Orleans Saints,2024-11-10T18:00:00.000Z,Pending,DraftKings,2024-09-05T15:36:32.000Z,1.87,1.95,
Buffalo Bills_Indianapolis Colts,2024-11-10T18:00:00.000Z,Pending,DraftKings,2024-09-05T15:36:32.000Z,1.77,2.1,
Buffalo Bills_Indianapolis Colts,2024-11-10T18:00:00.000Z,Pending,Caesars,2024-09-05T15:37:05.000Z,1.69,2.22,
Chicago Bears_New England Patriots,2024-11-10T18:00:00.000Z,Pending,DraftKings,2024-09-05T15:36:32.000Z,1.43,2.9,
Chicago Bears_New England Patriots,2024-11-10T18:00:00.000Z,Pending,Caesars,2024-09-05T15:37:05.000Z,1.38,3.1,
Denver Broncos_Kansas City Chiefs,2024-11-10T18:00:00.000Z,Pending,DraftKings,2024-09-05T15:36:32.000Z,4.4,1.23,
Denver Broncos_Kansas City Chiefs,2024-11-10T18:00:00.000Z,Pending,Caesars,2024-09-05T15:37:05.000Z,4.45,1.22,
Jacksonville Jaguars_Minnesota Vikings,2024-11-10T18:00:00.000Z,Pending,DraftKings,2024-09-05T15:36:32.000Z,1.59,2.42,
Jacksonville Jaguars_Minnesota Vikings,2024-11-10T18:00:00.000Z,Pending,Caesars,2024-09-05T15:37:05.000Z,1.51,2.62,
Pittsburgh Steelers_Washington Commanders,2024-11-10T18:00:00.000Z,Pending,DraftKings,2024-09-05T15:36:32.000Z,1.82,2.02,
San Francisco 49ers_Tampa Bay Buccaneers,2024-11-10T18:00:00.000Z,Pending,DraftKings,2024-09-05T15:36:32.000Z,1.31,3.6,
San Francisco 49ers_Tampa Bay Buccaneers,2024-11-10T18:00:00.000Z,Pending,Caesars,2024-09-05T15:37:05.000Z,1.31,3.5,
Los Angeles Chargers_Tennessee Titans,2024-11-10T21:05:00.000Z,Pending,DraftKings,2024-09-05T15:36:32.000Z,1.52,2.6,
Los Angeles Chargers_Tennessee Titans,2024-11-10T21:05:00.000Z,Pending,Caesars,2024-09-05T15:37:05.000Z,1.56,2.52,
Arizona Cardinals_New York Jets,2024-11-10T21:25:00.000Z,Pending,DraftKings,2024-09-05T15:36:32.000Z,2.3,1.65,
Arizona Cardinals_New York Jets,2024-11-10T21:25:00.000Z,Pending,Caesars,2024-09-05T15:37:05.000Z,2.22,1.69,
Dallas Cowboys_Philadelphia Eagles,2024-11-10T21:25:00.000Z,Pending,DraftKings,2024-09-05T15:36:32.000Z,1.77,2.1,
Detroit Lions_Houston Texans,2024-11-11T01:20:00.000Z,Pending,DraftKings,2024-09-05T15:36:32.000Z,1.98,1.85,
Los Angeles Rams_Miami Dolphins,2024-11-12T01:20:00.000Z,Pending,DraftKings,2024-09-05T15:36:32.000Z,1.87,1.95,
Philadelphia Eagles_Washington Commanders,2024-11-15T01:15:00.000Z,Pending,DraftKings,2024-09-05T15:36:32.000Z,1.29,3.7,
Philadelphia Eagles_Washington Commanders,2024-11-15T01:15:00.000Z,Pending,Caesars,2024-09-05T15:37:05.000Z,1.28,3.78,
Baltimore Ravens_Pittsburgh Steelers,2024-11-17T18:00:00.000Z,Pending,DraftKings,2024-09-05T15:36:32.000Z,1.68,2.24,
Baltimore Ravens_Pittsburgh Steelers,2024-11-17T18:00:00.000Z,Pending,Caesars,2024-09-05T15:37:05.000Z,1.69,2.22,
Chicago Bears_Green Bay Packers,2024-11-17T18:00:00.000Z,Pending,DraftKings,2024-09-05T15:36:32.000Z,1.93,1.89,
Cleveland Browns_New Orleans Saints,2024-11-17T18:00:00.000Z,Pending,DraftKings,2024-09-05T15:36:32.000Z,1.74,2.14,
Cleveland Browns_New Orleans Saints,2024-11-17T18:00:00.000Z,Pending,Caesars,2024-09-05T15:37:05.000Z,1.69,2.22,
Detroit Lions_Jacksonville Jaguars,2024-11-17T18:00:00.000Z,Pending,DraftKings,2024-09-05T15:36:32.000Z,1.51,2.64,
Detroit Lions_Jacksonville Jaguars,2024-11-17T18:00:00.000Z,Pending,Caesars,2024-09-05T15:37:05.000Z,1.48,2.75,
Las Vegas Raiders_Miami Dolphins,2024-11-17T18:00:00.000Z,Pending,DraftKings,2024-09-05T15:36:32.000Z,3.35,1.34,
Las Vegas Raiders_Miami Dolphins,2024-11-17T18:00:00.000Z,Pending,Caesars,2024-09-05T15:37:05.000Z,3.5,1.31,
Los Angeles Rams_New England Patriots,2024-11-17T18:00:00.000Z,Pending,DraftKings,2024-09-05T15:36:32.000Z,1.51,2.64,
Los Angeles Rams_New England Patriots,2024-11-17T18:00:00.000Z,Pending,Caesars,2024-09-05T15:37:05.000Z,1.45,2.8,
Minnesota Vikings_Tennessee Titans,2024-11-17T18:00:00.000Z,Pending,DraftKings,2024-09-05T15:36:32.000Z,1.87,1.95,
Atlanta Falcons_Denver Broncos,2024-11-17T21:05:00.000Z,Pending,DraftKings,2024-09-05T15:36:32.000Z,1.59,2.42,
Atlanta Falcons_Denver Broncos,2024-11-17T21:05:00.000Z,Pending,Caesars,2024-09-05T15:37:05.000Z,1.69,2.22,
San Francisco 49ers_Seattle Seahawks,2024-11-17T21:05:00.000Z,Pending,DraftKings,2024-09-05T15:36:32.000Z,1.24,4.3,
San Francisco 49ers_Seattle Seahawks,2024-11-17T21:05:00.000Z,Pending,Caesars,2024-09-05T15:37:05.000Z,1.28,3.78,
Buffalo Bills_Kansas City Chiefs,2024-11-17T21:25:00.000Z,Pending,FanDuel,2024-09-05T15:37:12.000Z,1.96,1.89,
Buffalo Bills_Kansas City Chiefs,2024-11-17T21:25:00.000Z,Pending,DraftKings,2024-09-05T15:36:32.000Z,1.91,1.91,
Cincinnati Bengals_Los Angeles Chargers,2024-11-17T21:25:00.000Z,Pending,DraftKings,2024-09-05T15:36:32.000Z,1.77,2.1,
Indianapolis Colts_New York Jets,2024-11-18T01:15:00.000Z,Pending,DraftKings,2024-09-05T15:36:32.000Z,2.64,1.51,
Indianapolis Colts_New York Jets,2024-11-18T01:15:00.000Z,Pending,Caesars,2024-09-05T15:37:05.000Z,2.7,1.49,
Dallas Cowboys_Houston Texans,2024-11-19T01:15:00.000Z,Pending,DraftKings,2024-09-05T15:36:32.000Z,1.65,2.3,
Cleveland Browns_Pittsburgh Steelers,2024-11-22T01:15:00.000Z,Pending,DraftKings,2024-09-05T15:36:32.000Z,1.7,2.2,
Cleveland Browns_Pittsburgh Steelers,2024-11-22T01:15:00.000Z,Pending,Caesars,2024-09-05T15:37:05.000Z,1.62,2.35,
Carolina Panthers_Kansas City Chiefs,2024-11-24T18:00:00.000Z,Pending,DraftKings,2024-09-05T15:36:32.000Z,3.8,1.28,
Carolina Panthers_Kansas City Chiefs,2024-11-24T18:00:00.000Z,Pending,Caesars,2024-09-05T15:37:05.000Z,3.78,1.28,
Chicago Bears_Minnesota Vikings,2024-11-24T18:00:00.000Z,Pending,DraftKings,2024-09-05T15:36:32.000Z,1.59,2.42,
Dallas Cowboys_Washington Commanders,2024-11-24T18:00:00.000Z,Pending,DraftKings,2024-09-05T15:36:32.000Z,1.56,2.5,
Dallas Cowboys_Washington Commanders,2024-11-24T18:00:00.000Z,Pending,Caesars,2024-09-05T15:37:05.000Z,1.53,2.58,
Detroit Lions_Indianapolis Colts,2024-11-24T18:00:00.000Z,Pending,DraftKings,2024-09-05T15:36:32.000Z,1.74,2.14,
Houston Texans_Tennessee Titans,2024-11-24T18:00:00.000Z,Pending,DraftKings,2024-09-05T15:36:32.000Z,1.39,3.1,
Houston Texans_Tennessee Titans,2024-11-24T18:00:00.000Z,Pending,Caesars,2024-09-05T15:37:05.000Z,1.36,3.22,
Miami Dolphins_New England Patriots,2024-11-24T18:00:00.000Z,Pending,DraftKings,2024-09-05T15:36:32.000Z,1.27,3.95,
Miami Dolphins_New England Patriots,2024-11-24T18:00:00.000Z,Pending,Caesars,2024-09-05T15:37:05.000Z,1.28,3.78,
New York Giants_Tampa Bay Buccaneers,2024-11-24T18:00:00.000Z,Pending,DraftKings,2024-09-05T15:36:32.000Z,1.95,1.87,
Denver Broncos_Las Vegas Raiders,2024-11-24T21:05:00.000Z,Pending,DraftKings,2024-09-05T15:36:32.000Z,2.3,1.65,
Arizona Cardinals_Seattle Seahawks,2024-11-24T21:25:00.000Z,Pending,DraftKings,2024-09-05T15:36:32.000Z,2.3,1.65,
Arizona Cardinals_Seattle Seahawks,2024-11-24T21:25:00.000Z,Pending,Caesars,2024-09-05T15:37:05.000Z,2.35,1.62,
Green Bay Packers_San Francisco 49ers,2024-11-24T21:25:00.000Z,Pending,DraftKings,2024-09-05T15:36:32.000Z,2.1,1.77,
Green Bay Packers_San Francisco 49ers,2024-11-24T21:25:00.000Z,Pending,Caesars,2024-09-05T15:37:05.000Z,2.22,1.69,
Los Angeles Rams_Philadelphia Eagles,2024-11-25T01:20:00.000Z,Pending,DraftKings,2024-09-05T15:36:32.000Z,1.91,1.91,
Baltimore Ravens_Los Angeles Chargers,2024-11-26T01:15:00.000Z,Pending,DraftKings,2024-09-05T15:36:32.000Z,1.65,2.3,
Baltimore Ravens_Los Angeles Chargers,2024-11-26T01:15:00.000Z,Pending,Caesars,2024-09-05T15:37:05.000Z,1.62,2.35,
Chicago Bears_Detroit Lions,2024-11-28T17:30:00.000Z,Pending,DraftKings,2024-09-05T15:36:32.000Z,2.64,1.51,
Chicago Bears_Detroit Lions,2024-11-28T17:30:00.000Z,Pending,Caesars,2024-09-05T15:37:05.000Z,2.75,1.48,
Chicago Bears_Detroit Lions,2024-11-28T17:30:00.000Z,Pending,BetMGM,2024-09-05T15:36:46.000Z,2.65,1.5,
Dallas Cowboys_New York Giants,2024-11-28T21:30:00.000Z,Pending,DraftKings,2024-09-05T15:36:32.000Z,1.26,4,
Dallas Cowboys_New York Giants,2024-11-28T21:30:00.000Z,Pending,Caesars,2024-09-05T15:37:05.000Z,1.22,4.45,
Dallas Cowboys_New York Giants,2024-11-28T21:30:00.000Z,Pending,BetMGM,2024-09-05T15:36:46.000Z,1.25,4.1,
Green Bay Packers_Miami Dolphins,2024-11-29T01:20:00.000Z,Pending,DraftKings,2024-09-05T15:36:32.000Z,1.65,2.3,
Green Bay Packers_Miami Dolphins,2024-11-29T01:20:00.000Z,Pending,Caesars,2024-09-05T15:37:05.000Z,1.62,2.35,
Green Bay Packers_Miami Dolphins,2024-11-29T01:20:00.000Z,Pending,BetMGM,2024-09-05T15:36:46.000Z,1.65,2.3,
Kansas City Chiefs_Las Vegas Raiders,2024-11-29T20:00:00.000Z,Pending,DraftKings,2024-09-05T15:36:32.000Z,1.28,3.85,
Kansas City Chiefs_Las Vegas Raiders,2024-11-29T20:00:00.000Z,Pending,Caesars,2024-09-05T15:37:05.000Z,1.28,3.78,
Arizona Cardinals_Minnesota Vikings,2024-12-01T18:00:00.000Z,Pending,DraftKings,2024-09-05T15:36:32.000Z,2.14,1.74,
Atlanta Falcons_Los Angeles Chargers,2024-12-01T18:00:00.000Z,Pending,DraftKings,2024-09-05T15:36:32.000Z,1.74,2.14,
Atlanta Falcons_Los Angeles Chargers,2024-12-01T18:00:00.000Z,Pending,Caesars,2024-09-05T15:37:05.000Z,1.67,2.26,
Cincinnati Bengals_Pittsburgh Steelers,2024-12-01T18:00:00.000Z,Pending,DraftKings,2024-09-05T15:36:32.000Z,1.46,2.8,
Cincinnati Bengals_Pittsburgh Steelers,2024-12-01T18:00:00.000Z,Pending,Caesars,2024-09-05T15:37:05.000Z,1.4,3.05,
Houston Texans_Jacksonville Jaguars,2024-12-01T18:00:00.000Z,Pending,DraftKings,2024-09-05T15:36:32.000Z,1.89,1.93,
Indianapolis Colts_New England Patriots,2024-12-01T18:00:00.000Z,Pending,DraftKings,2024-09-05T15:36:32.000Z,1.65,2.3,
Indianapolis Colts_New England Patriots,2024-12-01T18:00:00.000Z,Pending,Caesars,2024-09-05T15:37:05.000Z,1.56,2.52,
New York Jets_Seattle Seahawks,2024-12-01T18:00:00.000Z,Pending,DraftKings,2024-09-05T15:36:32.000Z,1.46,2.8,
New York Jets_Seattle Seahawks,2024-12-01T18:00:00.000Z,Pending,Caesars,2024-09-05T15:37:05.000Z,1.45,2.8,
Tennessee Titans_Washington Commanders,2024-12-01T18:00:00.000Z,Pending,DraftKings,2024-09-05T15:36:32.000Z,2.02,1.82,
Carolina Panthers_Tampa Bay Buccaneers,2024-12-01T21:05:00.000Z,Pending,DraftKings,2024-09-05T15:36:32.000Z,2.1,1.77,
Los Angeles Rams_New Orleans Saints,2024-12-01T21:05:00.000Z,Pending,DraftKings,2024-09-05T15:36:32.000Z,1.8,2.05,
Baltimore Ravens_Philadelphia Eagles,2024-12-01T21:25:00.000Z,Pending,DraftKings,2024-09-05T15:36:32.000Z,1.54,2.54,
Baltimore Ravens_Philadelphia Eagles,2024-12-01T21:25:00.000Z,Pending,Caesars,2024-09-05T15:37:05.000Z,1.53,2.58,
Buffalo Bills_San Francisco 49ers,2024-12-02T01:20:00.000Z,Pending,DraftKings,2024-09-05T15:36:32.000Z,2.05,1.8,
Cleveland Browns_Denver Broncos,2024-12-03T00:15:00.000Z,Pending,DraftKings,2024-09-05T15:36:32.000Z,1.56,2.5,
Cleveland Browns_Denver Broncos,2024-12-03T00:15:00.000Z,Pending,Caesars,2024-09-05T15:37:05.000Z,1.62,2.35,
Detroit Lions_Green Bay Packers,2024-12-06T01:15:00.000Z,Pending,DraftKings,2024-09-05T15:36:32.000Z,1.65,2.3,
Detroit Lions_Green Bay Packers,2024-12-06T01:15:00.000Z,Pending,Caesars,2024-09-05T15:37:05.000Z,1.62,2.35,
Atlanta Falcons_Minnesota Vikings,2024-12-08T18:00:00.000Z,Pending,DraftKings,2024-09-05T15:36:32.000Z,1.85,1.98,
Carolina Panthers_Philadelphia Eagles,2024-12-08T18:00:00.000Z,Pending,DraftKings,2024-09-05T15:36:32.000Z,3.95,1.27,
Carolina Panthers_Philadelphia Eagles,2024-12-08T18:00:00.000Z,Pending,Caesars,2024-09-05T15:37:05.000Z,4.1,1.25,
Cleveland Browns_Pittsburgh Steelers,2024-12-08T18:00:00.000Z,Pending,DraftKings,2024-09-05T15:36:32.000Z,1.91,1.91,
Jacksonville Jaguars_Tennessee Titans,2024-12-08T18:00:00.000Z,Pending,DraftKings,2024-09-05T15:36:32.000Z,1.82,2.02,
Las Vegas Raiders_Tampa Bay Buccaneers,2024-12-08T18:00:00.000Z,Pending,DraftKings,2024-09-05T15:36:32.000Z,2.24,1.68,
Las Vegas Raiders_Tampa Bay Buccaneers,2024-12-08T18:00:00.000Z,Pending,Caesars,2024-09-05T15:37:05.000Z,2.35,1.62,
Miami Dolphins_New York Jets,2024-12-08T18:00:00.000Z,Pending,DraftKings,2024-09-05T15:36:32.000Z,1.77,2.1,
Miami Dolphins_New York Jets,2024-12-08T18:00:00.000Z,Pending,Caesars,2024-09-05T15:37:05.000Z,1.69,2.22,
New Orleans Saints_New York Giants,2024-12-08T18:00:00.000Z,Pending,DraftKings,2024-09-05T15:36:32.000Z,1.93,1.89,
Arizona Cardinals_Seattle Seahawks,2024-12-08T21:05:00.000Z,Pending,DraftKings,2024-09-05T15:36:32.000Z,1.87,1.95,
Buffalo Bills_Los Angeles Rams,2024-12-08T21:25:00.000Z,Pending,DraftKings,2024-09-05T15:36:32.000Z,1.87,1.95,
Chicago Bears_San Francisco 49ers,2024-12-08T21:25:00.000Z,Pending,DraftKings,2024-09-05T15:36:32.000Z,2.9,1.43,
Chicago Bears_San Francisco 49ers,2024-12-08T21:25:00.000Z,Pending,Caesars,2024-09-05T15:37:05.000Z,3.22,1.36,
Kansas City Chiefs_Los Angeles Chargers,2024-12-09T01:20:00.000Z,Pending,DraftKings,2024-09-05T15:36:32.000Z,1.36,3.25,
Kansas City Chiefs_Los Angeles Chargers,2024-12-09T01:20:00.000Z,Pending,Caesars,2024-09-05T15:37:05.000Z,1.36,3.22,
Cincinnati Bengals_Dallas Cowboys,2024-12-10T01:15:00.000Z,Pending,DraftKings,2024-09-05T15:36:32.000Z,1.98,1.85,
Los Angeles Rams_San Francisco 49ers,2024-12-13T01:15:00.000Z,Pending,DraftKings,2024-09-05T15:36:32.000Z,3.3,1.35,
Los Angeles Rams_San Francisco 49ers,2024-12-13T01:15:00.000Z,Pending,Caesars,2024-09-05T15:37:05.000Z,3.6,1.3,
Baltimore Ravens_New York Giants,2024-12-15T18:00:00.000Z,Pending,DraftKings,2024-09-05T15:36:32.000Z,1.35,3.3,
Baltimore Ravens_New York Giants,2024-12-15T18:00:00.000Z,Pending,Caesars,2024-09-05T15:37:05.000Z,1.36,3.22,
Carolina Panthers_Dallas Cowboys,2024-12-15T18:00:00.000Z,Pending,DraftKings,2024-09-05T15:36:32.000Z,3.3,1.35,
Carolina Panthers_Dallas Cowboys,2024-12-15T18:00:00.000Z,Pending,Caesars,2024-09-05T15:37:05.000Z,2.96,1.42,
Cincinnati Bengals_Tennessee Titans,2024-12-15T18:00:00.000Z,Pending,DraftKings,2024-09-05T15:36:32.000Z,1.46,2.8,
Cincinnati Bengals_Tennessee Titans,2024-12-15T18:00:00.000Z,Pending,Caesars,2024-09-05T15:37:05.000Z,1.53,2.58,
Cleveland Browns_Kansas City Chiefs,2024-12-15T18:00:00.000Z,Pending,DraftKings,2024-09-05T15:36:32.000Z,2.2,1.7,
Cleveland Browns_Kansas City Chiefs,2024-12-15T18:00:00.000Z,Pending,Caesars,2024-09-05T15:37:05.000Z,2.22,1.69,
Houston Texans_Miami Dolphins,2024-12-15T18:00:00.000Z,Pending,DraftKings,2024-09-05T15:36:32.000Z,1.7,2.2,
Jacksonville Jaguars_New York Jets,2024-12-15T18:00:00.000Z,Pending,DraftKings,2024-09-05T15:36:32.000Z,1.95,1.87,
New Orleans Saints_Washington Commanders,2024-12-15T18:00:00.000Z,Pending,DraftKings,2024-09-05T15:36:32.000Z,1.65,2.3,
Arizona Cardinals_New England Patriots,2024-12-15T21:25:00.000Z,Pending,DraftKings,2024-09-05T15:36:32.000Z,1.56,2.5,
Arizona Cardinals_New England Patriots,2024-12-15T21:25:00.000Z,Pending,Caesars,2024-09-05T15:37:05.000Z,1.48,2.75,
Buffalo Bills_Detroit Lions,2024-12-15T21:25:00.000Z,Pending,DraftKings,2024-09-05T15:36:32.000Z,2.1,1.77,
Buffalo Bills_Detroit Lions,2024-12-15T21:25:00.000Z,Pending,Caesars,2024-09-05T15:37:05.000Z,2.22,1.69,
Denver Broncos_Indianapolis Colts,2024-12-15T21:25:00.000Z,Pending,DraftKings,2024-09-05T15:36:32.000Z,2.14,1.74,
Los Angeles Chargers_Tampa Bay Buccaneers,2024-12-15T21:25:00.000Z,Pending,DraftKings,2024-09-05T15:36:32.000Z,1.65,2.3,
Los Angeles Chargers_Tampa Bay Buccaneers,2024-12-15T21:25:00.000Z,Pending,Caesars,2024-09-05T15:37:05.000Z,1.69,2.22,
Philadelphia Eagles_Pittsburgh Steelers,2024-12-15T21:25:00.000Z,Pending,DraftKings,2024-09-05T15:36:32.000Z,1.49,2.7,
Philadelphia Eagles_Pittsburgh Steelers,2024-12-15T21:25:00.000Z,Pending,Caesars,2024-09-05T15:37:05.000Z,1.48,2.75,
Green Bay Packers_Seattle Seahawks,2024-12-16T01:20:00.000Z,Pending,DraftKings,2024-09-05T15:36:32.000Z,1.85,1.98,
Chicago Bears_Minnesota Vikings,2024-12-17T01:00:00.000Z,Pending,DraftKings,2024-09-05T15:36:32.000Z,1.89,1.93,
Atlanta Falcons_Las Vegas Raiders,2024-12-17T01:30:00.000Z,Pending,DraftKings,2024-09-05T15:36:32.000Z,1.85,1.98,
Cincinnati Bengals_Cleveland Browns,2024-12-20T01:15:00.000Z,Pending,DraftKings,2024-09-05T15:36:32.000Z,1.56,2.5,
Cincinnati Bengals_Cleveland Browns,2024-12-20T01:15:00.000Z,Pending,Caesars,2024-09-05T15:37:05.000Z,1.48,2.75,
Houston Texans_Kansas City Chiefs,2024-12-21T18:00:00.000Z,Pending,DraftKings,2024-09-05T15:36:32.000Z,2.7,1.49,
Houston Texans_Kansas City Chiefs,2024-12-21T18:00:00.000Z,Pending,Caesars,2024-09-05T15:37:05.000Z,2.75,1.48,
Baltimore Ravens_Pittsburgh Steelers,2024-12-21T21:30:00.000Z,Pending,DraftKings,2024-09-05T15:36:32.000Z,1.42,2.95,
Baltimore Ravens_Pittsburgh Steelers,2024-12-21T21:30:00.000Z,Pending,Caesars,2024-09-05T15:37:05.000Z,1.38,3.1,
Arizona Cardinals_Carolina Panthers,2024-12-22T18:00:00.000Z,Pending,DraftKings,2024-09-05T15:36:32.000Z,1.85,1.98,
Atlanta Falcons_New York Giants,2024-12-22T18:00:00.000Z,Pending,DraftKings,2024-09-05T15:36:32.000Z,1.49,2.7,
Atlanta Falcons_New York Giants,2024-12-22T18:00:00.000Z,Pending,Caesars,2024-09-05T15:37:05.000Z,1.42,2.96,
Buffalo Bills_New England Patriots,2024-12-22T18:00:00.000Z,Pending,DraftKings,2024-09-05T15:36:32.000Z,1.24,4.2,
Buffalo Bills_New England Patriots,2024-12-22T18:00:00.000Z,Pending,Caesars,2024-09-05T15:37:05.000Z,1.23,4.28,
Chicago Bears_Detroit Lions,2024-12-22T18:00:00.000Z,Pending,DraftKings,2024-09-05T15:36:32.000Z,1.91,1.91,
Indianapolis Colts_Tennessee Titans,2024-12-22T18:00:00.000Z,Pending,DraftKings,2024-09-05T15:36:32.000Z,1.52,2.6,
Indianapolis Colts_Tennessee Titans,2024-12-22T18:00:00.000Z,Pending,Caesars,2024-09-05T15:37:05.000Z,1.49,2.7,
Los Angeles Rams_New York Jets,2024-12-22T18:00:00.000Z,Pending,DraftKings,2024-09-05T15:36:32.000Z,2.3,1.65,
Los Angeles Rams_New York Jets,2024-12-22T18:00:00.000Z,Pending,Caesars,2024-09-05T15:37:05.000Z,2.35,1.62,
Philadelphia Eagles_Washington Commanders,2024-12-22T18:00:00.000Z,Pending,DraftKings,2024-09-05T15:36:32.000Z,1.59,2.42,
Philadelphia Eagles_Washington Commanders,2024-12-22T18:00:00.000Z,Pending,Caesars,2024-09-05T15:37:05.000Z,1.53,2.58,
Denver Broncos_Los Angeles Chargers,2024-12-22T21:05:00.000Z,Pending,DraftKings,2024-09-05T15:36:32.000Z,2.6,1.52,
Denver Broncos_Los Angeles Chargers,2024-12-22T21:05:00.000Z,Pending,Caesars,2024-09-05T15:37:05.000Z,2.75,1.48,
Minnesota Vikings_Seattle Seahawks,2024-12-22T21:05:00.000Z,Pending,DraftKings,2024-09-05T15:36:32.000Z,2.3,1.65,
Minnesota Vikings_Seattle Seahawks,2024-12-22T21:05:00.000Z,Pending,Caesars,2024-09-05T15:37:05.000Z,2.22,1.69,
Jacksonville Jaguars_Las Vegas Raiders,2024-12-22T21:25:00.000Z,Pending,DraftKings,2024-09-05T15:36:32.000Z,1.89,1.93,
Miami Dolphins_San Francisco 49ers,2024-12-22T21:25:00.000Z,Pending,DraftKings,2024-09-05T15:36:32.000Z,1.98,1.85,
Dallas Cowboys_Tampa Bay Buccaneers,2024-12-23T01:20:00.000Z,Pending,DraftKings,2024-09-05T15:36:32.000Z,1.46,2.8,
Dallas Cowboys_Tampa Bay Buccaneers,2024-12-23T01:20:00.000Z,Pending,Caesars,2024-09-05T15:37:05.000Z,1.42,2.96,
Green Bay Packers_New Orleans Saints,2024-12-24T01:15:00.000Z,Pending,DraftKings,2024-09-05T15:36:32.000Z,1.46,2.8,
Green Bay Packers_New Orleans Saints,2024-12-24T01:15:00.000Z,Pending,Caesars,2024-09-05T15:37:05.000Z,1.42,2.96,
Kansas City Chiefs_Pittsburgh Steelers,2024-12-25T18:00:00.000Z,Pending,FanDuel,2024-09-05T15:37:12.000Z,1.4,3.05,
Kansas City Chiefs_Pittsburgh Steelers,2024-12-25T18:00:00.000Z,Pending,DraftKings,2024-09-05T15:36:32.000Z,1.43,2.9,
Kansas City Chiefs_Pittsburgh Steelers,2024-12-25T18:00:00.000Z,Pending,Caesars,2024-09-05T15:37:05.000Z,1.43,2.92,
Kansas City Chiefs_Pittsburgh Steelers,2024-12-25T18:00:00.000Z,Pending,BetMGM,2024-09-05T15:36:46.000Z,1.4,3,
Baltimore Ravens_Houston Texans,2024-12-25T21:30:00.000Z,Pending,FanDuel,2024-09-05T15:37:12.000Z,1.79,2.08,
Baltimore Ravens_Houston Texans,2024-12-25T21:30:00.000Z,Pending,DraftKings,2024-09-05T15:36:32.000Z,1.82,2.02,
Baltimore Ravens_Houston Texans,2024-12-25T21:30:00.000Z,Pending,BetMGM,2024-09-05T15:36:46.000Z,1.83,2,
Chicago Bears_Seattle Seahawks,2024-12-27T01:15:00.000Z,Pending,DraftKings,2024-09-05T15:36:32.000Z,1.56,2.5,
Chicago Bears_Seattle Seahawks,2024-12-27T01:15:00.000Z,Pending,Caesars,2024-09-05T15:37:05.000Z,1.53,2.58,
Atlanta Falcons_Washington Commanders,2024-12-29T18:00:00.000Z,Pending,DraftKings,2024-09-05T15:36:32.000Z,1.7,2.2,
Atlanta Falcons_Washington Commanders,2024-12-29T18:00:00.000Z,Pending,Caesars,2024-09-05T15:37:05.000Z,1.69,2.22,
Buffalo Bills_New York Jets,2024-12-29T18:00:00.000Z,Pending,DraftKings,2024-09-05T15:36:32.000Z,1.74,2.14,
Carolina Panthers_Tampa Bay Buccaneers,2024-12-29T18:00:00.000Z,Pending,DraftKings,2024-09-05T15:36:32.000Z,2.8,1.46,
Carolina Panthers_Tampa Bay Buccaneers,2024-12-29T18:00:00.000Z,Pending,Caesars,2024-09-05T15:37:05.000Z,3.05,1.4,
Cincinnati Bengals_Denver Broncos,2024-12-29T18:00:00.000Z,Pending,DraftKings,2024-09-05T15:36:32.000Z,1.26,4,
Cincinnati Bengals_Denver Broncos,2024-12-29T18:00:00.000Z,Pending,Caesars,2024-09-05T15:37:05.000Z,1.23,4.35,
Green Bay Packers_Minnesota Vikings,2024-12-29T18:00:00.000Z,Pending,DraftKings,2024-09-05T15:36:32.000Z,1.77,2.1,
Green Bay Packers_Minnesota Vikings,2024-12-29T18:00:00.000Z,Pending,Caesars,2024-09-05T15:37:05.000Z,1.69,2.22,
Indianapolis Colts_New York Giants,2024-12-29T18:00:00.000Z,Pending,DraftKings,2024-09-05T15:36:32.000Z,1.8,2.05,
Jacksonville Jaguars_Tennessee Titans,2024-12-29T18:00:00.000Z,Pending,DraftKings,2024-09-05T15:36:32.000Z,1.52,2.6,
Jacksonville Jaguars_Tennessee Titans,2024-12-29T18:00:00.000Z,Pending,Caesars,2024-09-05T15:37:05.000Z,1.49,2.7,
Las Vegas Raiders_New Orleans Saints,2024-12-29T18:00:00.000Z,Pending,DraftKings,2024-09-05T15:36:32.000Z,2.3,1.65,
Los Angeles Chargers_New England Patriots,2024-12-29T18:00:00.000Z,Pending,DraftKings,2024-09-05T15:36:32.000Z,1.7,2.2,
Los Angeles Chargers_New England Patriots,2024-12-29T18:00:00.000Z,Pending,Caesars,2024-09-05T15:37:05.000Z,1.62,2.35,
Arizona Cardinals_Los Angeles Rams,2024-12-29T21:05:00.000Z,Pending,DraftKings,2024-09-05T15:36:32.000Z,3.15,1.38,
Arizona Cardinals_Los Angeles Rams,2024-12-29T21:05:00.000Z,Pending,Caesars,2024-09-05T15:37:05.000Z,2.96,1.42,
Dallas Cowboys_Philadelphia Eagles,2024-12-29T21:25:00.000Z,Pending,DraftKings,2024-09-05T15:36:32.000Z,2.2,1.7,
Dallas Cowboys_Philadelphia Eagles,2024-12-29T21:25:00.000Z,Pending,Caesars,2024-09-05T15:37:05.000Z,2.22,1.69,
Cleveland Browns_Miami Dolphins,2024-12-30T01:20:00.000Z,Pending,DraftKings,2024-09-05T15:36:32.000Z,1.77,2.1,
Detroit Lions_San Francisco 49ers,2024-12-31T01:15:00.000Z,Pending,DraftKings,2024-09-05T15:36:32.000Z,2.7,1.49,
Detroit Lions_San Francisco 49ers,2024-12-31T01:15:00.000Z,Pending,Caesars,2024-09-05T15:37:05.000Z,2.96,1.42,
Atlanta Falcons_Carolina Panthers,2025-01-05T18:00:00.000Z,Pending,DraftKings,2024-09-05T15:36:33.000Z,1.36,3.25,
Baltimore Ravens_Cleveland Browns,2025-01-05T18:00:00.000Z,Pending,DraftKings,2024-09-05T15:36:33.000Z,1.49,2.7,
Buffalo Bills_New England Patriots,2025-01-05T18:00:00.000Z,Pending,DraftKings,2024-09-05T15:36:32.000Z,1.56,2.5,
Chicago Bears_Green Bay Packers,2025-01-05T18:00:00.000Z,Pending,DraftKings,2024-09-05T15:36:33.000Z,2.42,1.59,
Cincinnati Bengals_Pittsburgh Steelers,2025-01-05T18:00:00.000Z,Pending,DraftKings,2024-09-05T15:36:33.000Z,1.85,1.98,
Dallas Cowboys_Washington Commanders,2025-01-05T18:00:00.000Z,Pending,DraftKings,2024-09-05T15:36:33.000Z,1.42,2.95,
Detroit Lions_Minnesota Vikings,2025-01-05T18:00:00.000Z,Pending,DraftKings,2024-09-05T15:36:33.000Z,1.42,2.95,
Houston Texans_Tennessee Titans,2025-01-05T18:00:00.000Z,Pending,DraftKings,2024-09-05T15:36:33.000Z,1.65,2.3,
Indianapolis Colts_Jacksonville Jaguars,2025-01-05T18:00:00.000Z,Pending,DraftKings,2024-09-05T15:36:33.000Z,1.77,2.1,
Miami Dolphins_New York Jets,2025-01-05T18:00:00.000Z,Pending,DraftKings,2024-09-05T15:36:33.000Z,2.3,1.65,
New Orleans Saints_Tampa Bay Buccaneers,2025-01-05T18:00:00.000Z,Pending,DraftKings,2024-09-05T15:36:33.000Z,2.1,1.77,
New York Giants_Philadelphia Eagles,2025-01-05T18:00:00.000Z,Pending,DraftKings,2024-09-05T15:36:33.000Z,2.8,1.46,
Arizona Cardinals_San Francisco 49ers,2025-01-05T21:25:00.000Z,Pending,DraftKings,2024-09-05T15:36:33.000Z,2.64,1.51,
Denver Broncos_Kansas City Chiefs,2025-01-05T21:25:00.000Z,Pending,DraftKings,2024-09-05T15:36:33.000Z,2.6,1.52,
Las Vegas Raiders_Los Angeles Chargers,2025-01-05T21:25:00.000Z,Pending,DraftKings,2024-09-05T15:36:33.000Z,1.95,1.87,
Los Angeles Rams_Seattle Seahawks,2025-01-05T21:25:00.000Z,Pending,DraftKings,2024-09-05T15:36:33.000Z,1.43,2.9,
